date,SPY
2015-01-02,169.26751708984375
2015-01-05,166.21060180664062
2015-01-06,164.64503479003906
2015-01-07,166.69677734375
2015-01-08,169.65480041503906
2015-01-09,168.29518127441406
2015-01-12,166.9768829345703
2015-01-13,166.50726318359375
2015-01-14,165.501953125
2015-01-15,163.9858856201172
2015-01-16,166.136474609375
2015-01-20,166.49072265625
2015-01-21,167.33123779296875
2015-01-22,169.819580078125
2015-01-23,168.88848876953125
2015-01-26,169.28396606445312
2015-01-27,167.05104064941406
2015-01-28,164.9087371826172
2015-01-29,166.43304443359375
2015-01-30,164.3401641845703
2015-02-02,166.3753662109375
2015-02-03,168.78135681152344
2015-02-04,168.138671875
2015-02-05,169.83607482910156
2015-02-06,169.36647033691406
2015-02-09,168.6083984375
2015-02-10,170.4045867919922
2015-02-11,170.50344848632812
2015-02-12,172.1431427001953
2015-02-13,172.851806640625
2015-02-17,173.12368774414062
2015-02-18,173.1401824951172
2015-02-19,173.0165557861328
2015-02-20,174.05479431152344
2015-02-23,174.03012084960938
2015-02-24,174.52444458007812
2015-02-25,174.37611389160156
2015-02-26,174.1701202392578
2015-02-27,173.576904296875
2015-03-02,174.6727752685547
2015-03-03,173.9558868408203
2015-03-04,173.22254943847656
2015-03-05,173.41207885742188
2015-03-06,170.9730987548828
2015-03-09,171.68173217773438
2015-03-10,168.89669799804688
2015-03-11,168.50123596191406
2015-03-12,170.64356994628906
2015-03-13,169.59713745117188
2015-03-16,171.86300659179688
2015-03-17,171.35215759277344
2015-03-18,173.41207885742188
2015-03-19,172.6210479736328
2015-03-20,174.144775390625
2015-03-23,173.805419921875
2015-03-24,172.82879638671875
2015-03-25,170.29617309570312
2015-03-26,169.8907012939453
2015-03-27,170.2796173095703
2015-03-30,172.35704040527344
2015-03-31,170.8507080078125
2015-04-01,170.24656677246094
2015-04-02,170.8590087890625
2015-04-06,172.0094757080078
2015-04-07,171.55422973632812
2015-04-08,172.1336212158203
2015-04-09,172.89501953125
2015-04-10,173.8385009765625
2015-04-13,173.05224609375
2015-04-14,173.38333129882812
2015-04-15,174.16127014160156
2015-04-16,174.11167907714844
2015-04-17,172.10877990722656
2015-04-20,173.68128967285156
2015-04-21,173.47439575195312
2015-04-22,174.3268280029297
2015-04-23,174.7654571533203
2015-04-24,175.17105102539062
2015-04-27,174.44271850585938
2015-04-28,174.9972686767578
2015-04-29,174.27725219726562
2015-04-30,172.5308837890625
2015-05-01,174.40135192871094
2015-05-04,174.89793395996094
2015-05-05,172.89501953125
2015-05-06,172.18324279785156
2015-05-07,172.8701934814453
2015-05-08,175.14614868164062
2015-05-11,174.3103485107422
2015-05-12,173.788818359375
2015-05-13,173.8219451904297
2015-05-14,175.63458251953125
2015-05-15,175.8249053955078
2015-05-18,176.3711395263672
2015-05-19,176.3131866455078
2015-05-20,176.18902587890625
2015-05-21,176.7021484375
2015-05-22,176.2801513671875
2015-05-26,174.38479614257812
2015-05-27,176.0400848388672
2015-05-28,175.8414764404297
2015-05-29,174.74891662597656
2015-06-01,175.10484313964844
2015-06-02,174.93099975585938
2015-06-03,175.39447021484375
2015-06-04,173.9130401611328
2015-06-05,173.61509704589844
2015-06-08,172.54742431640625
2015-06-09,172.5225830078125
2015-06-10,174.59165954589844
2015-06-11,175.15452575683594
2015-06-12,173.81370544433594
2015-06-15,173.06875610351562
2015-06-16,174.01234436035156
2015-06-17,174.29373168945312
2015-06-18,176.1063232421875
2015-06-19,175.3245086669922
2015-06-22,176.22267150878906
2015-06-23,176.3474884033203
2015-06-24,175.06671142578125
2015-06-25,174.53440856933594
2015-06-26,174.50120544433594
2015-06-29,170.84178161621094
2015-06-30,171.19944763183594
2015-07-01,172.57167053222656
2015-07-02,172.41368103027344
2015-07-06,171.92291259765625
2015-07-07,173.004150390625
2015-07-08,170.10157775878906
2015-07-09,170.40933227539062
2015-07-10,172.55503845214844
2015-07-13,174.4595947265625
2015-07-14,175.21641540527344
2015-07-15,175.1581573486328
2015-07-16,176.563720703125
2015-07-17,176.71337890625
2015-07-20,176.8048553466797
2015-07-21,176.1063232421875
2015-07-22,175.79026794433594
2015-07-23,174.80056762695312
2015-07-24,172.98753356933594
2015-07-27,171.9811553955078
2015-07-28,174.09361267089844
2015-07-29,175.29127502441406
2015-07-30,175.33285522460938
2015-07-31,175.06671142578125
2015-08-03,174.47621154785156
2015-08-04,174.13523864746094
2015-08-05,174.7090606689453
2015-08-06,173.27862548828125
2015-08-07,172.9459228515625
2015-08-10,175.12489318847656
2015-08-11,173.54473876953125
2015-08-12,173.75267028808594
2015-08-13,173.53639221191406
2015-08-14,174.16848754882812
2015-08-17,175.1415557861328
2015-08-18,174.63421630859375
2015-08-19,173.25367736816406
2015-08-20,169.63589477539062
2015-08-21,164.52940368652344
2015-08-24,157.6016082763672
2015-08-25,155.74700927734375
2015-08-26,161.7266845703125
2015-08-27,165.72705078125
2015-08-28,165.73536682128906
2015-08-31,164.39634704589844
2015-09-01,159.489501953125
2015-09-02,162.51681518554688
2015-09-03,162.63319396972656
2015-09-04,160.1714630126953
2015-09-08,164.1967315673828
2015-09-09,162.0010986328125
2015-09-10,162.88270568847656
2015-09-11,163.6228790283203
2015-09-14,163.01576232910156
2015-09-15,165.05337524414062
2015-09-16,166.48387145996094
2015-09-17,166.10964965820312
2015-09-18,163.39517211914062
2015-09-21,164.23947143554688
2015-09-22,162.107666015625
2015-09-23,161.84849548339844
2015-09-24,161.2633056640625
2015-09-25,161.2215576171875
2015-09-28,157.17539978027344
2015-09-29,157.26727294921875
2015-09-30,160.20164489746094
2015-10-01,160.61962890625
2015-10-02,163.01893615722656
2015-10-05,165.91981506347656
2015-10-06,165.35133361816406
2015-10-07,166.7056884765625
2015-10-08,168.21046447753906
2015-10-09,168.3107452392578
2015-10-12,168.46961975097656
2015-10-13,167.4079132080078
2015-10-14,166.60533142089844
2015-10-15,169.16343688964844
2015-10-16,169.93258666992188
2015-10-19,170.0161895751953
2015-10-20,169.7988739013672
2015-10-21,168.7454376220703
2015-10-22,171.59625244140625
2015-10-23,173.47720336914062
2015-10-26,173.05087280273438
2015-10-27,172.7164764404297
2015-10-28,174.68104553222656
2015-10-29,174.58071899414062
2015-10-30,173.8283233642578
2015-11-02,175.88490295410156
2015-11-03,176.39486694335938
2015-11-04,175.85977172851562
2015-11-05,175.68421936035156
2015-11-06,175.59226989746094
2015-11-09,173.9537353515625
2015-11-10,174.35501098632812
2015-11-11,173.66949462890625
2015-11-12,171.2451171875
2015-11-13,169.3223114013672
2015-11-16,171.89715576171875
2015-11-17,171.77178955078125
2015-11-18,174.49716186523438
2015-11-19,174.3466033935547
2015-11-20,174.9819793701172
2015-11-23,174.78138732910156
2015-11-24,175.01547241210938
2015-11-25,174.99034118652344
2015-11-27,175.1909942626953
2015-11-30,174.46368408203125
2015-12-01,176.12734985351562
2015-12-02,174.32992553710938
2015-12-03,171.8888397216797
2015-12-04,175.24111938476562
2015-12-07,174.179443359375
2015-12-08,173.0090789794922
2015-12-09,171.66307067871094
2015-12-10,172.10617065429688
2015-12-11,168.7706298828125
2015-12-14,169.62330627441406
2015-12-15,171.40396118164062
2015-12-16,173.91188049316406
2015-12-17,171.26181030273438
2015-12-18,168.21080017089844
2015-12-21,169.598388671875
2015-12-22,171.13739013671875
2015-12-23,173.25662231445312
2015-12-24,172.97067260742188
2015-12-28,172.57542419433594
2015-12-29,174.4171600341797
2015-12-30,173.18089294433594
2015-12-31,171.44851684570312
2016-01-04,169.05174255371094
2016-01-05,169.3376922607422
2016-01-06,167.20164489746094
2016-01-07,163.190185546875
2016-01-08,161.39892578125
2016-01-11,161.55870056152344
2016-01-12,162.86224365234375
2016-01-13,158.80035400390625
2016-01-14,161.40737915039062
2016-01-15,157.9425506591797
2016-01-19,158.1527557373047
2016-01-20,156.12603759765625
2016-01-21,157.0006561279297
2016-01-22,160.2216033935547
2016-01-25,157.79959106445312
2016-01-26,159.95252990722656
2016-01-27,158.21173095703125
2016-01-28,159.03587341308594
2016-01-29,162.9126434326172
2016-02-01,162.8538055419922
2016-02-02,159.91888427734375
2016-02-03,160.87754821777344
2016-02-04,161.12985229492188
2016-02-05,158.06027221679688
2016-02-08,155.93267822265625
2016-02-09,155.94105529785156
2016-02-10,155.80657958984375
2016-02-11,153.7797393798828
2016-02-12,156.95021057128906
2016-02-16,159.59927368164062
2016-02-17,162.2062530517578
2016-02-18,161.54183959960938
2016-02-19,161.46620178222656
2016-02-22,163.8041229248047
2016-02-23,161.73532104492188
2016-02-24,162.475341796875
2016-02-25,164.4432373046875
2016-02-26,164.06478881835938
2016-02-29,162.77810668945312
2016-03-01,166.6045379638672
2016-03-02,167.3529510498047
2016-03-03,168.0089569091797
2016-03-04,168.55560302734375
2016-03-07,168.6901397705078
2016-03-08,166.8484344482422
2016-03-09,167.67254638671875
2016-03-10,167.80709838867188
2016-03-11,170.5150604248047
2016-03-14,170.29637145996094
2016-03-15,170.01889038085938
2016-03-16,171.0028533935547
2016-03-17,172.0876922607422
2016-03-18,172.7639617919922
2016-03-21,173.00904846191406
2016-03-22,172.9160614013672
2016-03-23,171.77491760253906
2016-03-24,171.6988067626953
2016-03-28,171.80027770996094
2016-03-29,173.38943481445312
2016-03-30,174.1501922607422
2016-03-31,173.72755432128906
2016-04-01,174.91094970703125
2016-04-04,174.34461975097656
2016-04-05,172.60325622558594
2016-04-06,174.48838806152344
2016-04-07,172.40037536621094
2016-04-08,172.86529541015625
2016-04-11,172.4595947265625
2016-04-12,174.06565856933594
2016-04-13,175.82391357421875
2016-04-14,175.83238220214844
2016-04-15,175.63796997070312
2016-04-18,176.87205505371094
2016-04-19,177.42994689941406
2016-04-20,177.59906005859375
2016-04-21,176.64385986328125
2016-04-22,176.64385986328125
2016-04-25,176.33958435058594
2016-04-26,176.60157775878906
2016-04-27,176.96507263183594
2016-04-28,175.35902404785156
2016-04-29,174.4122772216797
2016-05-02,175.79855346679688
2016-05-03,174.26858520507812
2016-05-04,173.29641723632812
2016-05-05,173.26260375976562
2016-05-06,173.8966064453125
2016-05-09,174.04029846191406
2016-05-10,176.20428466796875
2016-05-11,174.55592346191406
2016-05-12,174.60667419433594
2016-05-13,173.0851593017578
2016-05-16,174.7926483154297
2016-05-17,173.1612091064453
2016-05-18,173.2119140625
2016-05-19,172.61172485351562
2016-05-20,173.70220947265625
2016-05-23,173.46551513671875
2016-05-24,175.71397399902344
2016-05-25,176.9058837890625
2016-05-26,176.95663452148438
2016-05-27,177.71739196777344
2016-05-31,177.37928771972656
2016-06-01,177.74273681640625
2016-06-02,178.2837677001953
2016-06-03,177.751220703125
2016-06-06,178.65573120117188
2016-06-07,178.9346923828125
2016-06-08,179.5178680419922
2016-06-09,179.2727508544922
2016-06-10,177.57379150390625
2016-06-13,176.20428466796875
2016-06-14,175.8577880859375
2016-06-15,175.61260986328125
2016-06-16,176.13671875
2016-06-17,175.48072814941406
2016-06-20,176.61082458496094
2016-06-21,177.1121826171875
2016-06-22,176.82325744628906
2016-06-23,179.12594604492188
2016-06-24,172.6937255859375
2016-06-27,169.6007843017578
2016-06-28,172.6597137451172
2016-06-29,175.59967041015625
2016-06-30,177.99578857421875
2016-07-01,178.3696746826172
2016-07-05,177.086669921875
2016-07-06,178.14874267578125
2016-07-07,178.038330078125
2016-07-08,180.68939208984375
2016-07-11,181.32666015625
2016-07-12,182.6437530517578
2016-07-13,182.61825561523438
2016-07-14,183.63784790039062
2016-07-15,183.39144897460938
2016-07-18,183.88433837890625
2016-07-19,183.6973419189453
2016-07-20,184.46209716796875
2016-07-21,183.76531982421875
2016-07-22,184.58950805664062
2016-07-25,184.0882568359375
2016-07-26,184.17320251464844
2016-07-27,183.97775268554688
2016-07-28,184.19017028808594
2016-07-29,184.48753356933594
2016-08-01,184.33462524414062
2016-08-02,183.15354919433594
2016-08-03,183.68885803222656
2016-08-04,183.88433837890625
2016-08-05,185.38827514648438
2016-08-08,185.27777099609375
2016-08-09,185.38827514648438
2016-08-10,184.9293975830078
2016-08-11,185.78759765625
2016-08-12,185.62615966796875
2016-08-15,186.1615447998047
2016-08-16,185.2012939453125
2016-08-17,185.5496826171875
2016-08-18,185.96607971191406
2016-08-19,185.6942138671875
2016-08-22,185.68563842773438
2016-08-23,186.05955505371094
2016-08-24,185.10784912109375
2016-08-25,184.9804229736328
2016-08-26,184.63201904296875
2016-08-29,185.5411834716797
2016-08-30,185.23529052734375
2016-08-31,184.70846557617188
2016-09-01,184.7169952392578
2016-09-02,185.5496826171875
2016-09-06,186.11050415039062
2016-09-07,186.0935516357422
2016-09-08,185.66864013671875
2016-09-09,181.22467041015625
2016-09-12,183.8248291015625
2016-09-13,181.18222045898438
2016-09-14,181.1142120361328
2016-09-15,182.92408752441406
2016-09-16,182.21701049804688
2016-09-19,182.25115966796875
2016-09-20,182.25970458984375
2016-09-21,184.30931091308594
2016-09-22,185.47073364257812
2016-09-23,184.45449829101562
2016-09-26,182.95997619628906
2016-09-27,184.09580993652344
2016-09-28,185.00953674316406
2016-09-29,183.33572387695312
2016-09-30,184.71920776367188
2016-10-03,184.27511596679688
2016-10-04,183.33572387695312
2016-10-05,184.1470489501953
2016-10-06,184.27511596679688
2016-10-07,183.6431427001953
2016-10-10,184.5996856689453
2016-10-11,182.26817321777344
2016-10-12,182.50733947753906
2016-10-13,181.90956115722656
2016-10-14,182.0034942626953
2016-10-17,181.37158203125
2016-10-18,182.50733947753906
2016-10-19,182.994140625
2016-10-20,182.6525421142578
2016-10-21,182.73794555664062
2016-10-24,183.5150604248047
2016-10-25,182.9002227783203
2016-10-26,182.53298950195312
2016-10-27,182.0461883544922
2016-10-28,181.50816345214844
2016-10-31,181.51670837402344
2016-11-01,180.20156860351562
2016-11-02,179.1170196533203
2016-11-03,178.2971649169922
2016-11-04,178.10073852539062
2016-11-07,182.02908325195312
2016-11-08,182.84893798828125
2016-11-09,184.78749084472656
2016-11-10,185.2486572265625
2016-11-11,184.8217010498047
2016-11-14,184.96685791015625
2016-11-15,186.41012573242188
2016-11-16,186.0599822998047
2016-11-17,187.01646423339844
2016-11-18,186.59800720214844
2016-11-21,188.00714111328125
2016-11-22,188.3743133544922
2016-11-23,188.47679138183594
2016-11-25,189.17706298828125
2016-11-28,188.2888946533203
2016-11-29,188.65611267089844
2016-11-30,188.20350646972656
2016-12-01,187.5117645263672
2016-12-02,187.60569763183594
2016-12-05,188.7329559326172
2016-12-06,189.3307647705078
2016-12-07,191.807373046875
2016-12-08,192.27706909179688
2016-12-09,193.43849182128906
2016-12-12,193.21644592285156
2016-12-13,194.50599670410156
2016-12-14,192.9005126953125
2016-12-15,193.6947479248047
2016-12-16,193.3158721923828
2016-12-19,193.73680114746094
2016-12-20,194.48414611816406
2016-12-21,193.9429931640625
2016-12-22,193.60794067382812
2016-12-23,193.89149475097656
2016-12-27,194.3724365234375
2016-12-28,192.76609802246094
2016-12-29,192.72317504882812
2016-12-30,192.01873779296875
2017-01-03,193.48765563964844
2017-01-04,194.63877868652344
2017-01-05,194.48414611816406
2017-01-06,195.17999267578125
2017-01-09,194.53567504882812
2017-01-10,194.53567504882812
2017-01-11,195.0854949951172
2017-01-12,194.59580993652344
2017-01-13,195.04248046875
2017-01-17,194.3552703857422
2017-01-18,194.7848358154297
2017-01-19,194.06321716308594
2017-01-20,194.7762451171875
2017-01-23,194.26943969726562
2017-01-24,195.5149688720703
2017-01-25,197.20729064941406
2017-01-26,197.00106811523438
2017-01-27,196.69186401367188
2017-01-30,195.47203063964844
2017-01-31,195.4549102783203
2017-02-01,195.53219604492188
2017-02-02,195.66098022460938
2017-02-03,197.0096893310547
2017-02-06,196.6575164794922
2017-02-07,196.6660919189453
2017-02-08,196.9237823486328
2017-02-09,198.09207153320312
2017-02-10,198.8737335205078
2017-02-13,199.95620727539062
2017-02-14,200.75506591796875
2017-02-15,201.80308532714844
2017-02-16,201.63125610351562
2017-02-17,201.9490966796875
2017-02-21,203.1517791748047
2017-02-22,202.9713897705078
2017-02-23,203.1088409423828
2017-02-24,203.3665313720703
2017-02-27,203.68438720703125
2017-02-28,203.1345672607422
2017-03-01,205.97796630859375
2017-03-02,204.6808319091797
2017-03-03,204.8096466064453
2017-03-06,204.19973754882812
2017-03-07,203.58990478515625
2017-03-08,203.21185302734375
2017-03-09,203.46963500976562
2017-03-10,204.18255615234375
2017-03-13,204.2856903076172
2017-03-14,203.50392150878906
2017-03-15,205.2649688720703
2017-03-16,204.8612518310547
2017-03-17,204.50146484375
2017-03-20,204.27706909179688
2017-03-21,201.654296875
2017-03-22,202.1288299560547
2017-03-23,201.9131317138672
2017-03-24,201.76649475097656
2017-03-27,201.55941772460938
2017-03-28,203.02610778808594
2017-03-29,203.2159423828125
2017-03-30,203.86297607421875
2017-03-31,203.38844299316406
2017-04-03,203.03472900390625
2017-04-04,203.16416931152344
2017-04-05,202.56019592285156
2017-04-06,203.12965393066406
2017-04-07,202.92259216308594
2017-04-10,203.04336547851562
2017-04-11,202.80178833007812
2017-04-12,201.9131317138672
2017-04-13,200.60179138183594
2017-04-17,202.37905883789062
2017-04-18,201.77508544921875
2017-04-19,201.4040985107422
2017-04-20,203.04336547851562
2017-04-21,202.39627075195312
2017-04-24,204.6222381591797
2017-04-25,205.8127899169922
2017-04-26,205.68341064453125
2017-04-27,205.85598754882812
2017-04-28,205.4073486328125
2017-05-01,205.92498779296875
2017-05-02,206.00262451171875
2017-05-03,205.75245666503906
2017-05-04,205.99400329589844
2017-05-05,206.80503845214844
2017-05-08,206.77052307128906
2017-05-09,206.58070373535156
2017-05-10,206.95169067382812
2017-05-11,206.52896118164062
2017-05-12,206.183837890625
2017-05-15,207.32269287109375
2017-05-16,207.1328887939453
2017-05-17,203.45751953125
2017-05-18,204.27706909179688
2017-05-19,205.60572814941406
2017-05-22,206.6497039794922
2017-05-23,207.10699462890625
2017-05-24,207.59014892578125
2017-05-25,208.58233642578125
2017-05-26,208.53921508789062
2017-05-30,208.3579864501953
2017-05-31,208.30624389648438
2017-06-01,209.9627227783203
2017-06-02,210.6615753173828
2017-06-05,210.50633239746094
2017-06-06,209.8333282470703
2017-06-07,210.2216339111328
2017-06-08,210.32508850097656
2017-06-09,210.00592041015625
2017-06-12,209.9627227783203
2017-06-13,210.9894256591797
2017-06-14,210.72201538085938
2017-06-15,210.31643676757812
2017-06-16,210.36245727539062
2017-06-19,212.11378479003906
2017-06-20,210.6832275390625
2017-06-21,210.6311798095703
2017-06-22,210.53585815429688
2017-06-23,210.7872314453125
2017-06-26,210.926025390625
2017-06-27,209.22665405273438
2017-06-28,211.09939575195312
2017-06-29,209.24403381347656
2017-06-30,209.6342010498047
2017-07-03,209.98965454101562
2017-07-05,210.47515869140625
2017-07-06,208.5504913330078
2017-07-07,209.90296936035156
2017-07-10,210.1283721923828
2017-07-11,209.9722900390625
2017-07-12,211.55018615722656
2017-07-13,211.90565490722656
2017-07-14,212.89404296875
2017-07-17,212.8679962158203
2017-07-18,212.98072814941406
2017-07-19,214.1337432861328
2017-07-20,214.2291717529297
2017-07-21,214.0384521484375
2017-07-24,213.98638916015625
2017-07-25,214.50657653808594
2017-07-26,214.51519775390625
2017-07-27,214.3157958984375
2017-07-28,214.06443786621094
2017-07-31,213.9430389404297
2017-08-01,214.4198760986328
2017-08-02,214.52389526367188
2017-08-03,214.1077423095703
2017-08-04,214.49790954589844
2017-08-07,214.89671325683594
2017-08-08,214.36781311035156
2017-08-09,214.35919189453125
2017-08-10,211.33346557617188
2017-08-11,211.64552307128906
2017-08-14,213.7436065673828
2017-08-15,213.7176055908203
2017-08-16,214.09042358398438
2017-08-17,210.75254821777344
2017-08-18,210.42311096191406
2017-08-21,210.5878448486328
2017-08-22,212.78997802734375
2017-08-23,212.02703857421875
2017-08-24,211.5328826904297
2017-08-25,212.02703857421875
2017-08-28,212.03570556640625
2017-08-29,212.27845764160156
2017-08-30,213.28414916992188
2017-08-31,214.56727600097656
2017-09-01,214.8707275390625
2017-09-05,213.3275146484375
2017-09-06,214.05577087402344
2017-09-07,214.02980041503906
2017-09-08,213.77830505371094
2017-09-11,216.0584716796875
2017-09-12,216.78671264648438
2017-09-13,216.8907470703125
2017-09-14,216.82138061523438
2017-09-15,217.11328125
2017-09-18,217.5750274658203
2017-09-19,217.79286193847656
2017-09-20,217.87127685546875
2017-09-21,217.28756713867188
2017-09-22,217.3311004638672
2017-09-25,216.88673400878906
2017-09-26,217.01742553710938
2017-09-27,217.86257934570312
2017-09-28,218.12399291992188
2017-09-29,218.8906707763672
2017-10-02,219.84039306640625
2017-10-03,220.31089782714844
2017-10-04,220.572265625
2017-10-05,221.879150390625
2017-10-06,221.62646484375
2017-10-09,221.26051330566406
2017-10-10,221.8442840576172
2017-10-11,222.1928253173828
2017-10-12,221.86172485351562
2017-10-13,222.13182067871094
2017-10-16,222.42803955078125
2017-10-17,222.58485412597656
2017-10-18,222.80271911621094
2017-10-19,222.86370849609375
2017-10-20,224.01377868652344
2017-10-23,223.1424560546875
2017-10-24,223.5345458984375
2017-10-25,222.42803955078125
2017-10-26,222.71559143066406
2017-10-27,224.53652954101562
2017-10-30,223.7001190185547
2017-10-31,224.04861450195312
2017-11-01,224.34483337402344
2017-11-02,224.43202209472656
2017-11-03,225.1813201904297
2017-11-06,225.52980041503906
2017-11-07,225.37290954589844
2017-11-08,225.75631713867188
2017-11-09,224.93734741210938
2017-11-10,224.8675994873047
2017-11-13,225.07672119140625
2017-11-14,224.55398559570312
2017-11-15,223.43002319335938
2017-11-16,225.3294677734375
2017-11-17,224.667236328125
2017-11-20,225.05062866210938
2017-11-21,226.5230712890625
2017-11-22,226.3226776123047
2017-11-24,226.8454132080078
2017-11-27,226.73211669921875
2017-11-28,229.03233337402344
2017-11-29,228.89297485351562
2017-11-30,230.8968505859375
2017-12-01,230.4176788330078
2017-12-04,230.13882446289062
2017-12-05,229.3111572265625
2017-12-06,229.3546905517578
2017-12-07,230.077880859375
2017-12-08,231.33248901367188
2017-12-11,232.02952575683594
2017-12-12,232.43896484375
2017-12-13,232.41293334960938
2017-12-14,231.4631805419922
2017-12-15,233.39071655273438
2017-12-18,234.87066650390625
2017-12-19,233.96865844726562
2017-12-20,233.84609985351562
2017-12-21,234.32772827148438
2017-12-22,234.26641845703125
2017-12-26,233.98619079589844
2017-12-27,234.09999084472656
2017-12-28,234.58163452148438
2017-12-29,233.6972198486328
2018-01-02,235.36981201171875
2018-01-03,236.85858154296875
2018-01-04,237.85696411132812
2018-01-05,239.4419708251953
2018-01-08,239.8798065185547
2018-01-09,240.4227752685547
2018-01-10,240.0550079345703
2018-01-11,241.80642700195312
2018-01-12,243.3827362060547
2018-01-16,242.55081176757812
2018-01-17,244.8627471923828
2018-01-18,244.45115661621094
2018-01-19,245.56333923339844
2018-01-22,247.55996704101562
2018-01-23,248.0853729248047
2018-01-24,247.9891357421875
2018-01-25,248.0941619873047
2018-01-26,250.96652221679688
2018-01-29,249.30258178710938
2018-01-30,246.7455596923828
2018-01-31,246.8681182861328
2018-02-01,246.5879669189453
2018-02-02,241.2196807861328
2018-02-05,231.13128662109375
2018-02-06,235.68507385253906
2018-02-07,234.4065399169922
2018-02-08,225.6142120361328
2018-02-09,229.00326538085938
2018-02-12,232.36611938476562
2018-02-13,232.9440460205078
2018-02-14,236.087890625
2018-02-15,239.1003875732422
2018-02-16,239.1705322265625
2018-02-20,237.67298889160156
2018-02-21,236.49073791503906
2018-02-22,236.7972412109375
2018-02-23,240.57164001464844
2018-02-26,243.36529541015625
2018-02-27,240.326416015625
2018-02-28,237.89193725585938
2018-03-01,234.43283081054688
2018-03-02,235.64129638671875
2018-03-05,238.36476135253906
2018-03-06,238.9691162109375
2018-03-07,238.88145446777344
2018-03-08,240.03750610351562
2018-03-09,244.21461486816406
2018-03-12,243.90821838378906
2018-03-13,242.3318634033203
2018-03-14,241.08834838867188
2018-03-15,240.82554626464844
2018-03-16,241.0867462158203
2018-03-19,237.8247833251953
2018-03-20,238.2291717529297
2018-03-21,237.77198791503906
2018-03-22,231.82833862304688
2018-03-23,226.88706970214844
2018-03-26,233.09445190429688
2018-03-27,229.12911987304688
2018-03-28,228.45204162597656
2018-03-29,231.37118530273438
2018-04-02,226.3771514892578
2018-04-03,229.2786102294922
2018-04-04,231.73162841796875
2018-04-05,233.56048583984375
2018-04-06,228.35537719726562
2018-04-09,229.4808349609375
2018-04-10,233.129638671875
2018-04-11,231.9075164794922
2018-04-12,233.81546020507812
2018-04-13,233.129638671875
2018-04-16,235.04641723632812
2018-04-17,237.56103515625
2018-04-18,237.7369384765625
2018-04-19,236.41807556152344
2018-04-20,234.413330078125
2018-04-23,234.37818908691406
2018-04-24,231.22171020507812
2018-04-25,231.79324340820312
2018-04-26,234.1495819091797
2018-04-27,234.36940002441406
2018-04-30,232.56700134277344
2018-05-01,232.9801788330078
2018-05-02,231.41514587402344
2018-05-03,230.90516662597656
2018-05-04,233.8945770263672
2018-05-07,234.68592834472656
2018-05-08,234.68592834472656
2018-05-09,236.954345703125
2018-05-10,239.1699981689453
2018-05-11,239.89974975585938
2018-05-14,240.0140838623047
2018-05-15,238.36114501953125
2018-05-16,239.3634490966797
2018-05-17,239.1612091064453
2018-05-18,238.56333923339844
2018-05-21,240.3569793701172
2018-05-22,239.6887664794922
2018-05-23,240.34817504882812
2018-05-24,239.8557586669922
2018-05-25,239.2843017578125
2018-05-29,236.5323486328125
2018-05-30,239.6887664794922
2018-05-31,238.22039794921875
2018-06-01,240.55926513671875
2018-06-04,241.7021942138672
2018-06-05,241.8780059814453
2018-06-06,243.90032958984375
2018-06-07,243.87393188476562
2018-06-08,244.59490966796875
2018-06-11,244.92022705078125
2018-06-12,245.23680114746094
2018-06-13,244.45423889160156
2018-06-14,245.0697021484375
2018-06-15,244.7570343017578
2018-06-18,244.25363159179688
2018-06-19,243.3175506591797
2018-06-20,243.73257446289062
2018-06-21,242.20465087890625
2018-06-22,242.64625549316406
2018-06-25,239.3430633544922
2018-06-26,239.87306213378906
2018-06-27,237.88589477539062
2018-06-28,239.24603271484375
2018-06-29,239.5904083251953
2018-07-02,240.1026611328125
2018-07-03,239.2548370361328
2018-07-05,241.2066650390625
2018-07-06,243.24685668945312
2018-07-09,245.43716430664062
2018-07-10,246.3203125
2018-07-11,244.51858520507812
2018-07-12,246.7353515625
2018-07-13,246.9297332763672
2018-07-16,246.708984375
2018-07-17,247.70689392089844
2018-07-18,248.22784423828125
2018-07-19,247.2918243408203
2018-07-20,247.0091552734375
2018-07-23,247.46836853027344
2018-07-24,248.71371459960938
2018-07-25,250.8333740234375
2018-07-26,250.2415771484375
2018-07-27,248.54595947265625
2018-07-30,247.24766540527344
2018-07-31,248.46646118164062
2018-08-01,248.0513153076172
2018-08-02,249.4025421142578
2018-08-03,250.47132873535156
2018-08-06,251.38980102539062
2018-08-07,252.219970703125
2018-08-08,252.11407470703125
2018-08-09,251.76956176757812
2018-08-10,250.0826416015625
2018-08-13,249.1465301513672
2018-08-14,250.73623657226562
2018-08-15,248.8638458251953
2018-08-16,250.87744140625
2018-08-17,251.76063537597656
2018-08-20,252.29945373535156
2018-08-21,252.8911895751953
2018-08-22,252.7410125732422
2018-08-23,252.4054718017578
2018-08-24,253.92445373535156
2018-08-27,255.92930603027344
2018-08-28,256.0529479980469
2018-08-29,257.43072509765625
2018-08-30,256.38861083984375
2018-08-31,256.3974609375
2018-09-04,255.95584106445312
2018-09-05,255.26693725585938
2018-09-06,254.49856567382812
2018-09-07,254.0039520263672
2018-09-10,254.44558715820312
2018-09-11,255.28456115722656
2018-09-12,255.34642028808594
2018-09-13,256.8567199707031
2018-09-14,256.90081787109375
2018-09-17,255.54071044921875
2018-09-18,256.9273376464844
2018-09-19,257.20111083984375
2018-09-20,259.2854919433594
2018-09-21,259.048583984375
2018-09-24,258.1879577636719
2018-09-25,257.9484558105469
2018-09-26,257.1766052246094
2018-09-27,257.8952331542969
2018-09-28,257.921875
2018-10-01,258.81793212890625
2018-10-02,258.66705322265625
2018-10-03,258.8090515136719
2018-10-04,256.78631591796875
2018-10-05,255.34902954101562
2018-10-08,255.34902954101562
2018-10-09,254.97640991210938
2018-10-10,246.90304565429688
2018-10-11,241.46463012695312
2018-10-12,244.8181610107422
2018-10-15,243.4429473876953
2018-10-16,248.76602172851562
2018-10-17,248.81056213378906
2018-10-18,245.21739196777344
2018-10-19,245.0842742919922
2018-10-22,243.98414611816406
2018-10-23,242.74212646484375
2018-10-24,235.38734436035156
2018-10-25,239.6103515625
2018-10-26,235.39625549316406
2018-10-29,234.0921173095703
2018-10-30,237.56094360351562
2018-10-31,240.0983428955078
2018-11-01,242.65342712402344
2018-11-02,241.21621704101562
2018-11-05,242.5469512939453
2018-11-06,244.08177185058594
2018-11-07,249.30726623535156
2018-11-08,248.8547821044922
2018-11-09,246.42396545410156
2018-11-12,241.8195037841797
2018-11-13,241.36703491210938
2018-11-14,239.71688842773438
2018-11-15,242.21868896484375
2018-11-16,242.84857177734375
2018-11-19,238.74098205566406
2018-11-20,234.32278442382812
2018-11-21,235.12123107910156
2018-11-23,233.55093383789062
2018-11-26,237.32144165039062
2018-11-27,238.1199188232422
2018-11-28,243.60276794433594
2018-11-29,243.0703887939453
2018-11-30,244.5519561767578
2018-12-03,247.79017639160156
2018-12-04,239.76121520996094
2018-12-06,239.39744567871094
2018-12-07,233.83480834960938
2018-12-10,234.27847290039062
2018-12-11,234.3315887451172
2018-12-12,235.51153564453125
2018-12-13,235.43177795410156
2018-12-14,231.0845489501953
2018-12-17,226.55105590820312
2018-12-18,226.3026123046875
2018-12-19,222.91358947753906
2018-12-20,219.28501892089844
2018-12-21,214.79197692871094
2018-12-24,209.1165313720703
2018-12-26,219.68209838867188
2018-12-27,221.36871337890625
2018-12-28,221.08314514160156
2018-12-31,223.01956176757812
2019-01-02,223.2515869140625
2019-01-03,217.9241485595703
2019-01-04,225.2236785888672
2019-01-07,226.9994354248047
2019-01-08,229.1322479248047
2019-01-09,230.20306396484375
2019-01-10,231.01513671875
2019-01-11,231.10438537597656
2019-01-14,229.6944580078125
2019-01-15,232.32688903808594
2019-01-16,232.88909912109375
2019-01-17,234.65599060058594
2019-01-18,237.7792205810547
2019-01-22,234.5667266845703
2019-01-23,235.0575714111328
2019-01-24,235.1824493408203
2019-01-25,237.1724090576172
2019-01-28,235.36990356445312
2019-01-29,235.0575714111328
2019-01-30,238.77865600585938
2019-01-31,240.8758087158203
2019-02-01,240.99169921875
2019-02-04,242.687255859375
2019-02-05,243.70460510253906
2019-02-06,243.38333129882812
2019-02-07,241.06317138671875
2019-02-08,241.35763549804688
2019-02-11,241.49147033691406
2019-02-12,244.5968780517578
2019-02-13,245.39112854003906
2019-02-14,244.84678649902344
2019-02-15,247.51504516601562
2019-02-19,247.94337463378906
2019-02-20,248.4429931640625
2019-02-21,247.5596466064453
2019-02-22,249.09446716308594
2019-02-25,249.43356323242188
2019-02-26,249.2550811767578
2019-02-27,249.14804077148438
2019-02-28,248.68392944335938
2019-03-01,250.23660278320312
2019-03-04,249.326416015625
2019-03-05,248.9873809814453
2019-03-06,247.4792938232422
2019-03-07,245.408935546875
2019-03-08,244.91818237304688
2019-03-11,248.46975708007812
2019-03-12,249.40673828125
2019-03-13,251.0576934814453
2019-03-14,250.89703369140625
2019-03-15,252.1365966796875
2019-03-18,253.0507354736328
2019-03-19,253.113525390625
2019-03-20,252.3517303466797
2019-03-21,255.2019805908203
2019-03-22,250.29025268554688
2019-03-25,250.10205078125
2019-03-26,251.9662322998047
2019-03-27,250.64871215820312
2019-03-28,251.59881591796875
2019-03-29,253.18524169921875
2019-04-01,256.1878662109375
2019-04-02,256.31329345703125
2019-04-03,256.71673583984375
2019-04-04,257.3978576660156
2019-04-05,258.6437683105469
2019-04-08,258.8408203125
2019-04-09,257.51434326171875
2019-04-10,258.39276123046875
2019-04-11,258.3210144042969
2019-04-12,260.0687561035156
2019-04-15,259.8984680175781
2019-04-16,260.0687561035156
2019-04-17,259.4324035644531
2019-04-18,259.9432678222656
2019-04-22,260.16748046875
2019-04-23,262.5067443847656
2019-04-24,261.9241638183594
2019-04-25,261.76275634765625
2019-04-26,262.9817810058594
2019-04-29,263.3941345214844
2019-04-30,263.5284423828125
2019-05-01,261.547607421875
2019-05-02,260.98297119140625
2019-05-03,263.5374450683594
2019-05-06,262.4528503417969
2019-05-07,258.07000732421875
2019-05-08,257.7115173339844
2019-05-09,256.9317321777344
2019-05-10,258.222412109375
2019-05-13,251.73316955566406
2019-05-14,254.00985717773438
2019-05-15,255.49778747558594
2019-05-16,257.8639221191406
2019-05-17,256.1968078613281
2019-05-20,254.50279235839844
2019-05-21,256.7973327636719
2019-05-22,256.008544921875
2019-05-23,252.8805389404297
2019-05-24,253.45408630371094
2019-05-28,251.0969696044922
2019-05-29,249.41183471679688
2019-05-30,250.09303283691406
2019-05-31,246.72300720214844
2019-06-03,246.09559631347656
2019-06-04,251.4375
2019-06-05,253.6154327392578
2019-06-06,255.2646026611328
2019-06-07,257.8190612792969
2019-06-10,259.002197265625
2019-06-11,258.9394836425781
2019-06-12,258.48236083984375
2019-06-13,259.54901123046875
2019-06-14,259.2621154785156
2019-06-17,259.3607177734375
2019-06-18,262.0765686035156
2019-06-19,262.6681213378906
2019-06-20,265.1776123046875
2019-06-21,264.7922058105469
2019-06-24,264.4679870605469
2019-06-25,261.8741455078125
2019-06-26,261.6128845214844
2019-06-27,262.54058837890625
2019-06-28,263.8914794921875
2019-07-01,266.28729248046875
2019-07-02,266.9808349609375
2019-07-03,269.1153564453125
2019-07-05,268.80908203125
2019-07-08,267.3320617675781
2019-07-09,267.6653137207031
2019-07-10,268.9441223144531
2019-07-11,269.57470703125
2019-07-12,270.781494140625
2019-07-15,270.87164306640625
2019-07-16,269.9979553222656
2019-07-17,268.16064453125
2019-07-18,269.1423034667969
2019-07-19,267.6473083496094
2019-07-22,268.30474853515625
2019-07-23,270.22314453125
2019-07-24,271.4930725097656
2019-07-25,270.196044921875
2019-07-26,272.0064392089844
2019-07-29,271.5111083984375
2019-07-30,270.8446044921875
2019-07-31,267.88140869140625
2019-08-01,265.548828125
2019-08-02,263.54931640625
2019-08-05,255.62350463867188
2019-08-06,259.2081604003906
2019-08-07,259.3613586425781
2019-08-08,264.4499206542969
2019-08-09,262.648681640625
2019-08-12,259.45135498046875
2019-08-13,263.4862365722656
2019-08-14,255.69566345214844
2019-08-15,256.3710632324219
2019-08-16,260.1538391113281
2019-08-19,263.2881164550781
2019-08-20,261.2706604003906
2019-08-21,263.396240234375
2019-08-22,263.31512451171875
2019-08-23,256.5512390136719
2019-08-26,259.38824462890625
2019-08-27,258.37054443359375
2019-08-28,260.18988037109375
2019-08-29,263.5132751464844
2019-08-30,263.396240234375
2019-09-03,261.8560485839844
2019-09-04,264.8282470703125
2019-09-05,268.2326965332031
2019-09-06,268.43988037109375
2019-09-09,268.5749816894531
2019-09-10,268.511962890625
2019-09-11,270.4212646484375
2019-09-12,271.35809326171875
2019-09-13,271.1778259277344
2019-09-16,270.3401794433594
2019-09-17,271.0247802734375
2019-09-18,271.1868591308594
2019-09-19,271.1687927246094
2019-09-20,269.8875732421875
2019-09-23,269.8243103027344
2019-09-24,267.70703125
2019-09-25,269.2904357910156
2019-09-26,268.7294616699219
2019-09-27,267.28167724609375
2019-09-30,268.52130126953125
2019-10-01,265.327392578125
2019-10-02,260.6404113769531
2019-10-03,262.7757873535156
2019-10-04,266.3316650390625
2019-10-07,265.1825256347656
2019-10-08,261.06573486328125
2019-10-09,263.5447692871094
2019-10-10,265.327392578125
2019-10-11,268.0780029296875
2019-10-14,267.7793884277344
2019-10-15,270.4305419921875
2019-10-16,269.99615478515625
2019-10-17,270.7924499511719
2019-10-18,269.6070861816406
2019-10-21,271.434814453125
2019-10-22,270.54815673828125
2019-10-23,271.3352966308594
2019-10-24,271.7786865234375
2019-10-25,272.89154052734375
2019-10-28,274.4297790527344
2019-10-29,274.34832763671875
2019-10-30,275.1898193359375
2019-10-31,274.4568786621094
2019-11-01,276.9994201660156
2019-11-04,278.11236572265625
2019-11-05,277.8046569824219
2019-11-06,277.8680419921875
2019-11-07,278.8452453613281
2019-11-08,279.5328369140625
2019-11-11,278.99908447265625
2019-11-12,279.5871887207031
2019-11-13,279.6777038574219
2019-11-14,280.0847473144531
2019-11-15,282.1116943359375
2019-11-18,282.3196716308594
2019-11-19,282.2383117675781
2019-11-20,281.1886901855469
2019-11-21,280.7363586425781
2019-11-22,281.3606262207031
2019-11-25,283.5412902832031
2019-11-26,284.1837463378906
2019-11-27,285.45037841796875
2019-11-29,284.3917541503906
2019-12-02,281.9758605957031
2019-12-03,280.0847473144531
2019-12-04,281.8131103515625
2019-12-05,282.3196716308594
2019-12-06,284.89849853515625
2019-12-09,284.0027160644531
2019-12-10,283.6860656738281
2019-12-11,284.4913330078125
2019-12-12,286.9433898925781
2019-12-13,287.1152038574219
2019-12-16,289.0877990722656
2019-12-17,289.1510925292969
2019-12-18,289.1692199707031
2019-12-19,290.35443115234375
2019-12-20,291.6274108886719
2019-12-23,292.0729675292969
2019-12-24,292.0820617675781
2019-12-26,293.63690185546875
2019-12-27,293.564208984375
2019-12-30,291.9455871582031
2019-12-31,292.6548767089844
2020-01-02,295.3917541503906
2020-01-03,293.1549377441406
2020-01-06,294.2734375
2020-01-07,293.4458923339844
2020-01-08,295.0099182128906
2020-01-09,297.0102844238281
2020-01-10,296.15557861328125
2020-01-13,298.1922912597656
2020-01-14,297.7376708984375
2020-01-15,298.41058349609375
2020-01-16,300.8927917480469
2020-01-17,301.829345703125
2020-01-21,301.2383117675781
2020-01-22,301.2747497558594
2020-01-23,301.6202392578125
2020-01-24,298.9378967285156
2020-01-27,294.1461181640625
2020-01-28,297.22845458984375
2020-01-29,296.98297119140625
2020-01-30,297.94677734375
2020-01-31,292.5367736816406
2020-02-03,294.70989990234375
2020-02-04,299.2015686035156
2020-02-05,302.65679931640625
2020-02-06,303.6751403808594
2020-02-07,302.0567321777344
2020-02-10,304.3116455078125
2020-02-11,304.8389587402344
2020-02-12,306.80303955078125
2020-02-13,306.4756774902344
2020-02-14,306.96661376953125
2020-02-18,306.17559814453125
2020-02-19,307.6394958496094
2020-02-20,306.3756408691406
2020-02-21,303.22052001953125
2020-02-24,293.16412353515625
2020-02-25,284.28057861328125
2020-02-26,283.2350158691406
2020-02-27,270.5143737792969
2020-02-28,269.3777770996094
2020-03-02,281.0436096191406
2020-03-03,272.99664306640625
2020-03-04,284.4715576171875
2020-03-05,275.0152282714844
2020-03-06,270.4688720703125
2020-03-09,249.34677124023438
2020-03-10,262.2492370605469
2020-03-11,249.46495056152344
2020-03-12,225.59686279296875
2020-03-13,244.88232421875
2020-03-16,218.0863494873047
2020-03-17,229.8612823486328
2020-03-18,218.22274780273438
2020-03-19,218.6864776611328
2020-03-20,209.26235961914062
2020-03-23,203.91188049316406
2020-03-24,222.38694763183594
2020-03-25,225.71617126464844
2020-03-26,238.8957061767578
2020-03-27,231.78001403808594
2020-03-30,239.3072509765625
2020-03-31,235.740234375
2020-04-01,225.13079833984375
2020-04-02,230.32577514648438
2020-04-03,226.99658203125
2020-04-06,242.2431182861328
2020-04-07,242.4900360107422
2020-04-08,250.63014221191406
2020-04-09,254.44407653808594
2020-04-13,252.12091064453125
2020-04-14,259.5566101074219
2020-04-15,254.0415802001953
2020-04-16,255.26702880859375
2020-04-17,262.1632385253906
2020-04-20,257.54449462890625
2020-04-21,249.724609375
2020-04-22,255.26702880859375
2020-04-23,255.2488555908203
2020-04-24,258.8066101074219
2020-04-27,262.53826904296875
2020-04-28,261.33099365234375
2020-04-29,268.1722412109375
2020-04-30,265.67535400390625
2020-05-01,258.6420593261719
2020-05-04,259.35546875
2020-05-05,261.75177001953125
2020-05-06,259.9774475097656
2020-05-07,263.11444091796875
2020-05-08,267.46807861328125
2020-05-11,267.52288818359375
2020-05-12,262.190673828125
2020-05-13,257.5536804199219
2020-05-14,260.6359558105469
2020-05-15,261.8341064453125
2020-05-18,269.8094177246094
2020-05-19,267.03814697265625
2020-05-20,271.5746154785156
2020-05-21,269.6996765136719
2020-05-22,270.2117919921875
2020-05-26,273.5409851074219
2020-05-27,277.6109924316406
2020-05-28,277.09881591796875
2020-05-29,278.33355712890625
2020-06-01,279.4585876464844
2020-06-02,281.77252197265625
2020-06-03,285.5224304199219
2020-06-04,284.7724609375
2020-06-05,292.0709228515625
2020-06-08,295.60137939453125
2020-06-09,293.3971862792969
2020-06-10,291.7599792480469
2020-06-11,274.9403991699219
2020-06-12,278.2330017089844
2020-06-15,280.83038330078125
2020-06-16,286.2357177734375
2020-06-17,285.04681396484375
2020-06-18,285.1565246582031
2020-06-19,283.5269775390625
2020-06-22,285.34576416015625
2020-06-23,286.6594543457031
2020-06-24,279.3471374511719
2020-06-25,282.3418884277344
2020-06-26,275.6358337402344
2020-06-29,279.68695068359375
2020-06-30,283.26959228515625
2020-07-01,285.25390625
2020-07-02,286.8247985839844
2020-07-06,291.2525939941406
2020-07-07,288.2486877441406
2020-07-08,290.453369140625
2020-07-09,288.7998046875
2020-07-10,291.7486877441406
2020-07-13,289.2223815917969
2020-07-14,292.9704284667969
2020-07-15,295.662109375
2020-07-16,294.6883239746094
2020-07-17,295.5426330566406
2020-07-20,297.93109130859375
2020-07-21,298.56488037109375
2020-07-22,300.26434326171875
2020-07-23,296.6816711425781
2020-07-24,294.7709045410156
2020-07-27,296.92059326171875
2020-07-28,295.0373840332031
2020-07-29,298.6659851074219
2020-07-30,297.60028076171875
2020-07-31,299.9520263671875
2020-08-03,302.03729248046875
2020-08-04,303.2039794921875
2020-08-05,305.0871887207031
2020-08-06,307.12652587890625
2020-08-07,307.3470458984375
2020-08-10,308.265625
2020-08-11,305.7210693359375
2020-08-12,309.9834899902344
2020-08-13,309.4232177734375
2020-08-14,309.4323425292969
2020-08-17,310.41522216796875
2020-08-18,311.0858459472656
2020-08-19,309.7906494140625
2020-08-20,310.75518798828125
2020-08-21,311.8574523925781
2020-08-24,315.0176696777344
2020-08-25,316.1199951171875
2020-08-26,319.289306640625
2020-08-27,319.9874267578125
2020-08-28,322.0543212890625
2020-08-31,320.8876647949219
2020-09-01,323.9099426269531
2020-09-02,328.59515380859375
2020-09-03,317.2867126464844
2020-09-04,314.6960754394531
2020-09-08,306.09771728515625
2020-09-09,312.1423034667969
2020-09-10,306.722412109375
2020-09-11,306.8785095214844
2020-09-14,310.9204406738281
2020-09-15,312.49139404296875
2020-09-16,311.2512512207031
2020-09-17,308.5137939453125
2020-09-18,304.96185302734375
2020-09-21,301.5677795410156
2020-09-22,304.6390380859375
2020-09-23,297.5741882324219
2020-09-24,298.3673400878906
2020-09-25,303.1910705566406
2020-09-28,308.2268371582031
2020-09-29,306.5482177734375
2020-09-30,308.87249755859375
2020-10-01,310.8554382324219
2020-10-02,307.904052734375
2020-10-05,313.3641052246094
2020-10-06,308.90936279296875
2020-10-07,314.2864990234375
2020-10-08,317.07183837890625
2020-10-09,319.9033508300781
2020-10-12,325.0498046875
2020-10-13,322.9284973144531
2020-10-14,320.89947509765625
2020-10-15,320.5028076171875
2020-10-16,320.3090515136719
2020-10-19,315.4393310546875
2020-10-20,316.70294189453125
2020-10-21,316.10345458984375
2020-10-22,317.8372802734375
2020-10-23,318.91644287109375
2020-10-26,313.02294921875
2020-10-27,311.9437561035156
2020-10-28,301.28192138671875
2020-10-29,304.343994140625
2020-10-30,301.17120361328125
2020-11-02,304.546875
2020-11-03,309.9239807128906
2020-11-04,316.8504943847656
2020-11-05,323.0299377441406
2020-11-06,322.9561767578125
2020-11-09,327.01434326171875
2020-11-10,326.53472900390625
2020-11-11,328.9602966308594
2020-11-12,325.7691650390625
2020-11-13,330.279296875
2020-11-16,334.4019775390625
2020-11-17,332.6034851074219
2020-11-18,328.6007080078125
2020-11-19,329.984130859375
2020-11-20,327.7244873046875
2020-11-23,329.6889343261719
2020-11-24,335.00152587890625
2020-11-25,334.485107421875
2020-11-27,335.4165344238281
2020-11-30,333.93170166015625
2020-12-01,337.5840759277344
2020-12-02,338.294189453125
2020-12-03,338.2019958496094
2020-12-04,341.11639404296875
2020-12-07,340.4154968261719
2020-12-08,341.41156005859375
2020-12-09,338.3495178222656
2020-12-10,338.2388610839844
2020-12-11,337.8422546386719
2020-12-14,336.3296813964844
2020-12-15,340.87664794921875
2020-12-16,341.41156005859375
2020-12-17,343.3207702636719
2020-12-18,341.9497985839844
2020-12-21,340.72723388671875
2020-12-22,340.15301513671875
2020-12-23,340.45867919921875
2020-12-24,341.7832336425781
2020-12-28,344.7193603515625
2020-12-29,344.06170654296875
2020-12-30,344.5526123046875
2020-12-31,346.3032531738281
2021-01-04,341.5887756347656
2021-01-05,343.94134521484375
2021-01-06,345.99755859375
2021-01-07,351.1382751464844
2021-01-08,353.1389465332031
2021-01-11,350.7584228515625
2021-01-12,350.8325500488281
2021-01-13,351.7773742675781
2021-01-14,350.5454406738281
2021-01-15,347.9889831542969
2021-01-19,350.7214660644531
2021-01-20,355.5749816894531
2021-01-21,355.89910888671875
2021-01-22,354.63946533203125
2021-01-25,356.0380554199219
2021-01-26,355.48236083984375
2021-01-27,346.7941589355469
2021-01-28,349.7766418457031
2021-01-29,342.7743835449219
2021-02-01,348.47991943359375
2021-02-02,353.4075927734375
2021-02-03,353.68536376953125
2021-02-04,357.70526123046875
2021-02-05,359.1131591796875
2021-02-08,361.7066955566406
2021-02-09,361.4658203125
2021-02-10,361.30841064453125
2021-02-11,361.8919372558594
2021-02-12,363.67950439453125
2021-02-16,363.36468505859375
2021-02-17,363.447998046875
2021-02-18,361.9011535644531
2021-02-19,361.2620544433594
2021-02-22,358.4833679199219
2021-02-23,358.918701171875
2021-02-24,362.8737487792969
2021-02-25,354.1300048828125
2021-02-26,352.3052978515625
2021-03-01,360.8453063964844
2021-03-02,358.0295715332031
2021-03-03,353.287109375
2021-03-04,348.915283203125
2021-03-05,355.3341979980469
2021-03-08,353.5650634765625
2021-03-09,358.61309814453125
2021-03-10,360.8453063964844
2021-03-11,364.5038757324219
2021-03-12,364.9947814941406
2021-03-15,367.1715393066406
2021-03-16,366.70843505859375
2021-03-17,367.9587707519531
2021-03-18,362.60516357421875
2021-03-19,361.9342346191406
2021-03-22,364.8242492675781
2021-03-23,361.9527587890625
2021-03-24,360.11273193359375
2021-03-25,362.13861083984375
2021-03-26,367.9745178222656
2021-03-29,367.78863525390625
2021-03-30,366.8128662109375
2021-03-31,368.2997131347656
2021-04-01,372.2770080566406
2021-04-05,377.6202697753906
2021-04-06,377.3973083496094
2021-04-07,377.833984375
2021-04-08,379.6275939941406
2021-04-09,382.3875427246094
2021-04-12,382.52691650390625
2021-04-13,383.6607360839844
2021-04-14,382.3503723144531
2021-04-15,386.457763671875
2021-04-16,387.74945068359375
2021-04-19,385.844482421875
2021-04-20,383.01947021484375
2021-04-21,386.6435546875
2021-04-22,383.1123962402344
2021-04-23,387.2662048339844
2021-04-26,388.0747375488281
2021-04-27,387.9910583496094
2021-04-28,387.8795471191406
2021-04-29,390.3514099121094
2021-04-30,387.78668212890625
2021-05-03,388.6228942871094
2021-05-04,386.2255859375
2021-05-05,386.34619140625
2021-05-06,389.4314270019531
2021-05-07,392.2657165527344
2021-05-10,388.3812561035156
2021-05-11,384.9151611328125
2021-05-12,376.73748779296875
2021-05-13,381.26312255859375
2021-05-14,387.11749267578125
2021-05-17,386.13250732421875
2021-05-18,382.80572509765625
2021-05-19,381.8020935058594
2021-05-20,385.9094543457031
2021-05-21,385.59356689453125
2021-05-24,389.5243835449219
2021-05-25,388.6601257324219
2021-05-26,389.4314270019531
2021-05-27,389.6358947753906
2021-05-28,390.3328552246094
2021-06-01,389.98907470703125
2021-06-02,390.60235595703125
2021-06-03,389.152587890625
2021-06-04,392.7117614746094
2021-06-07,392.330810546875
2021-06-08,392.4144287109375
2021-06-09,391.8289489746094
2021-06-10,393.6502685546875
2021-06-11,394.3009338378906
2021-06-14,395.1836853027344
2021-06-15,394.4588928222656
2021-06-16,392.2564392089844
2021-06-17,392.1263427734375
2021-06-18,386.83636474609375
2021-06-21,392.37432861328125
2021-06-22,394.4720458984375
2021-06-23,393.9965515136719
2021-06-24,396.32733154296875
2021-06-25,397.735107421875
2021-06-28,398.53692626953125
2021-06-29,398.75140380859375
2021-06-30,399.0870056152344
2021-07-01,401.29669189453125
2021-07-02,404.3639221191406
2021-07-06,403.62738037109375
2021-07-07,405.0538635253906
2021-07-08,401.7533874511719
2021-07-09,406.0421142578125
2021-07-12,407.4964904785156
2021-07-13,406.1073303222656
2021-07-14,406.71337890625
2021-07-15,405.32415771484375
2021-07-16,402.14501953125
2021-07-19,396.2061462402344
2021-07-20,401.88397216796875
2021-07-21,405.1377868652344
2021-07-22,405.9861145019531
2021-07-23,410.1629333496094
2021-07-26,411.1698303222656
2021-07-27,409.2958068847656
2021-07-28,409.12811279296875
2021-07-29,410.8247985839844
2021-07-30,408.82977294921875
2021-08-02,407.97198486328125
2021-08-03,411.2909851074219
2021-08-04,409.2678527832031
2021-08-05,411.8598327636719
2021-08-06,412.540283203125
2021-08-09,412.2046813964844
2021-08-10,412.7175598144531
2021-08-11,413.7430114746094
2021-08-12,414.9830627441406
2021-08-13,415.7381896972656
2021-08-16,416.7171936035156
2021-08-17,413.98541259765625
2021-08-18,409.4543151855469
2021-08-19,410.08831787109375
2021-08-20,413.3514099121094
2021-08-23,416.98748779296875
2021-08-24,417.64935302734375
2021-08-25,418.5257568359375
2021-08-26,416.05517578125
2021-08-27,419.7750549316406
2021-08-30,421.6210632324219
2021-08-31,420.9964904785156
2021-09-01,421.2201843261719
2021-09-02,422.5162048339844
2021-09-03,422.4136047363281
2021-09-07,420.9031677246094
2021-09-08,420.3904724121094
2021-09-09,418.591064453125
2021-09-10,415.29058837890625
2021-09-13,416.3534851074219
2021-09-14,414.10662841796875
2021-09-15,417.56549072265625
2021-09-16,416.9035949707031
2021-09-17,412.8424377441406
2021-09-20,405.958740234375
2021-09-21,405.57513427734375
2021-09-22,409.5315246582031
2021-09-23,414.5073547363281
2021-09-24,415.19012451171875
2021-09-27,414.0023193359375
2021-09-28,405.65936279296875
2021-09-29,406.3421325683594
2021-09-30,401.3757019042969
2021-10-01,406.1457214355469
2021-10-04,400.9080505371094
2021-10-05,405.0795593261719
2021-10-06,406.7630920410156
2021-10-07,410.27978515625
2021-10-08,409.5315246582031
2021-10-11,406.5666198730469
2021-10-12,405.5658264160156
2021-10-13,407.02490234375
2021-10-14,413.8713073730469
2021-10-15,417.0232849121094
2021-10-18,418.2579040527344
2021-10-19,421.4847106933594
2021-10-20,423.1401672363281
2021-10-21,424.2438049316406
2021-10-22,423.8043212890625
2021-10-25,426.0769958496094
2021-10-26,426.4604797363281
2021-10-27,424.5711975097656
2021-10-28,428.6678161621094
2021-10-29,429.5376892089844
2021-11-01,430.2765808105469
2021-11-02,432.0162353515625
2021-11-03,434.6537170410156
2021-11-04,436.7020263671875
2021-11-05,438.2172546386719
2021-11-08,438.59136962890625
2021-11-09,437.14166259765625
2021-11-10,433.6249694824219
2021-11-11,433.76519775390625
2021-11-12,437.03875732421875
2021-11-15,437.1884460449219
2021-11-16,438.9187316894531
2021-11-17,437.85247802734375
2021-11-18,439.3396301269531
2021-11-19,438.5539855957031
2021-11-22,437.31939697265625
2021-11-23,437.8992919921875
2021-11-24,439.0683288574219
2021-11-26,429.2757568359375
2021-11-29,434.5415344238281
2021-11-30,426.0863952636719
2021-12-01,421.353759765625
2021-12-02,427.80731201171875
2021-12-03,424.0848388671875
2021-12-06,429.10748291015625
2021-12-07,437.9834899902344
2021-12-08,439.1431579589844
2021-12-09,436.1783447265625
2021-12-10,440.2842712402344
2021-12-13,436.3840637207031
2021-12-14,433.3817138671875
2021-12-15,440.1533508300781
2021-12-16,436.27178955078125
2021-12-17,431.6286315917969
2021-12-20,427.03900146484375
2021-12-21,434.6227722167969
2021-12-22,438.96832275390625
2021-12-23,441.69970703125
2021-12-27,447.95062255859375
2021-12-28,447.5845947265625
2021-12-29,448.1571960449219
2021-12-30,446.9182434082031
2021-12-31,445.7919616699219
2022-01-03,448.3730773925781
2022-01-04,448.2229919433594
2022-01-05,439.6160583496094
2022-01-06,439.2030944824219
2022-01-07,437.46661376953125
2022-01-10,436.9222717285156
2022-01-11,440.9018859863281
2022-01-12,442.0938415527344
2022-01-13,436.00244140625
2022-01-14,436.1807556152344
2022-01-18,428.4561767578125
2022-01-19,424.00732421875
2022-01-20,419.31439208984375
2022-01-21,411.08294677734375
2022-01-24,412.8287353515625
2022-01-25,407.7884826660156
2022-01-26,406.7654113769531
2022-01-27,404.7568664550781
2022-01-28,414.8091735839844
2022-01-31,422.2803039550781
2022-02-01,425.1335754394531
2022-02-02,429.263427734375
2022-02-03,419.173583984375
2022-02-04,421.1445617675781
2022-02-07,419.7930603027344
2022-02-08,423.2470397949219
2022-02-09,429.44171142578125
2022-02-10,421.72650146484375
2022-02-11,413.4106750488281
2022-02-14,412.05902099609375
2022-02-15,418.7042541503906
2022-02-16,419.173583984375
2022-02-17,410.2194519042969
2022-02-18,407.5632629394531
2022-02-22,403.1894226074219
2022-02-23,396.0373840332031
2022-02-24,401.9974060058594
2022-02-25,410.8670349121094
2022-02-28,409.8158264160156
2022-03-01,403.5742492675781
2022-03-02,410.99847412109375
2022-03-03,408.9523620605469
2022-03-04,405.6297607421875
2022-03-07,393.672119140625
2022-03-08,390.68743896484375
2022-03-09,401.1620178222656
2022-03-10,399.3505554199219
2022-03-11,394.2727966308594
2022-03-14,391.3913269042969
2022-03-15,399.998291015625
2022-03-16,408.8678283691406
2022-03-17,413.98321533203125
2022-03-18,418.51739501953125
2022-03-21,418.39501953125
2022-03-22,423.2908630371094
2022-03-23,417.83953857421875
2022-03-24,424.13824462890625
2022-03-25,426.2095642089844
2022-03-28,429.2412109375
2022-03-29,434.5513000488281
2022-03-30,431.8680419921875
2022-03-31,425.220947265625
2022-04-01,426.4260559082031
2022-04-04,430.0791320800781
2022-04-05,424.64666748046875
2022-04-06,420.4004821777344
2022-04-07,422.5188293457031
2022-04-08,421.3890686035156
2022-04-11,414.18658447265625
2022-04-12,412.65191650390625
2022-04-13,417.3782043457031
2022-04-14,412.1811218261719
2022-04-18,412.3506164550781
2022-04-19,419.0069580078125
2022-04-20,418.6963806152344
2022-04-21,412.4353332519531
2022-04-22,401.118408203125
2022-04-25,403.4439697265625
2022-04-26,391.7599182128906
2022-04-27,392.8614501953125
2022-04-28,402.7849426269531
2022-04-29,387.8997802734375
2022-05-02,390.2347106933594
2022-05-03,392.0235595703125
2022-05-04,403.9617919921875
2022-05-05,389.6038513183594
2022-05-06,387.2783508300781
2022-05-09,374.8787841796875
2022-05-10,375.74493408203125
2022-05-11,369.7757568359375
2022-05-12,369.3897705078125
2022-05-13,378.2210998535156
2022-05-16,376.6864318847656
2022-05-17,384.4350280761719
2022-05-18,368.9378662109375
2022-05-19,366.6782531738281
2022-05-20,366.8382873535156
2022-05-23,373.70184326171875
2022-05-24,370.8491516113281
2022-05-25,374.1255187988281
2022-05-26,381.6011047363281
2022-05-27,390.9690856933594
2022-05-31,388.7752685546875
2022-06-01,385.6307373046875
2022-06-02,392.9744567871094
2022-06-03,386.5251770019531
2022-06-06,387.7020568847656
2022-06-07,391.4208984375
2022-06-08,387.16534423828125
2022-06-09,377.95745849609375
2022-06-10,366.998291015625
2022-06-13,353.0641174316406
2022-06-14,352.0002136230469
2022-06-15,357.01837158203125
2022-06-16,345.2025146484375
2022-06-17,345.9466552734375
2022-06-21,354.6554260253906
2022-06-22,354.0124816894531
2022-06-23,357.4826354980469
2022-06-24,368.84844970703125
2022-06-27,367.43951416015625
2022-06-28,359.93170166015625
2022-06-29,359.6385498046875
2022-06-30,356.7167663574219
2022-07-01,360.48956298828125
2022-07-05,361.17041015625
2022-07-06,362.3901062011719
2022-07-07,367.8177490234375
2022-07-08,367.5151672363281
2022-07-11,363.31683349609375
2022-07-12,360.1018981933594
2022-07-13,358.2107849121094
2022-07-14,357.34088134765625
2022-07-15,364.1678161621094
2022-07-18,361.1609802246094
2022-07-19,370.91925048828125
2022-07-20,373.2831115722656
2022-07-21,377.0843811035156
2022-07-22,373.58575439453125
2022-07-25,374.03955078125
2022-07-26,369.6143798828125
2022-07-27,379.21185302734375
2022-07-28,383.9681091308594
2022-07-29,389.5658874511719
2022-08-01,388.4123229980469
2022-08-02,385.84979248046875
2022-08-03,391.89202880859375
2022-08-04,391.627197265625
2022-08-05,390.9653625488281
2022-08-08,390.5113830566406
2022-08-09,388.9608154296875
2022-08-10,397.13043212890625
2022-08-11,397.13043212890625
2022-08-12,403.8535461425781
2022-08-15,405.5177001953125
2022-08-16,406.31195068359375
2022-08-17,403.4278869628906
2022-08-18,404.6005554199219
2022-08-19,399.1634216308594
2022-08-22,390.8518371582031
2022-08-23,389.90631103515625
2022-08-24,391.15447998046875
2022-08-25,396.6766357421875
2022-08-26,383.2494812011719
2022-08-29,380.7153015136719
2022-08-30,376.5358581542969
2022-08-31,373.67083740234375
2022-09-01,374.8434143066406
2022-09-02,370.89080810546875
2022-09-06,369.491455078125
2022-09-07,376.1293640136719
2022-09-08,378.5878601074219
2022-09-09,384.4693603515625
2022-09-12,388.6014099121094
2022-09-13,371.7040710449219
2022-09-14,373.1224060058594
2022-09-15,368.8862609863281
2022-09-16,366.0720520019531
2022-09-19,368.9108581542969
2022-09-20,364.67626953125
2022-09-21,358.3150329589844
2022-09-22,355.3052062988281
2022-09-23,349.3521728515625
2022-09-26,345.8961486816406
2022-09-27,345.01312255859375
2022-09-28,351.8017578125
2022-09-29,344.4529724121094
2022-09-30,339.12646484375
2022-10-03,348.07989501953125
2022-10-04,358.8656921386719
2022-10-05,358.0301513671875
2022-10-06,354.33685302734375
2022-10-07,344.4529724121094
2022-10-10,341.82293701171875
2022-10-11,339.6582336425781
2022-10-12,338.537841796875
2022-10-13,347.4722595214844
2022-10-14,339.55377197265625
2022-10-17,348.2792663574219
2022-10-18,352.3714294433594
2022-10-19,349.8743591308594
2022-10-20,346.94049072265625
2022-10-21,355.3717041015625
2022-10-24,359.7201843261719
2022-10-25,365.4644470214844
2022-10-26,362.7109680175781
2022-10-27,360.7740478515625
2022-10-28,369.35711669921875
2022-10-31,366.68914794921875
2022-11-01,365.0845947265625
2022-11-02,355.9223937988281
2022-11-03,352.25750732421875
2022-11-04,357.3275451660156
2022-11-07,360.7456359863281
2022-11-08,362.6919860839844
2022-11-09,355.21966552734375
2022-11-10,374.74053955078125
2022-11-11,378.3675537109375
2022-11-14,375.14886474609375
2022-11-15,378.3484802246094
2022-11-16,375.4622802734375
2022-11-17,374.3133239746094
2022-11-18,376.01287841796875
2022-11-21,374.6456298828125
2022-11-22,379.68719482421875
2022-11-23,382.0799255371094
2022-11-25,381.99444580078125
2022-11-28,375.89892578125
2022-11-29,375.2532653808594
2022-11-30,387.0739440917969
2022-12-01,386.7891540527344
2022-12-02,386.34295654296875
2022-12-05,379.39288330078125
2022-12-06,373.924072265625
2022-12-07,373.2879943847656
2022-12-08,376.21221923828125
2022-12-09,373.40179443359375
2022-12-12,378.7852783203125
2022-12-13,381.6526794433594
2022-12-14,379.2124938964844
2022-12-15,369.93634033203125
2022-12-16,365.56878662109375
2022-12-19,362.4688720703125
2022-12-20,362.9649353027344
2022-12-21,368.3921203613281
2022-12-22,363.1365661621094
2022-12-23,365.2254943847656
2022-12-27,363.78521728515625
2022-12-28,359.26416015625
2022-12-29,365.73095703125
2022-12-30,364.7676086425781
2023-01-03,363.2319641113281
2023-01-04,366.0362854003906
2023-01-05,361.8585205078125
2023-01-06,370.1567077636719
2023-01-09,369.9468078613281
2023-01-10,372.5411682128906
2023-01-11,377.2530517578125
2023-01-12,378.6265563964844
2023-01-13,380.095458984375
2023-01-17,379.3992004394531
2023-01-18,373.4091796875
2023-01-19,370.6908874511719
2023-01-20,377.59649658203125
2023-01-23,382.1270751953125
2023-01-24,381.71697998046875
2023-01-25,381.8600158691406
2023-01-26,386.0568542480469
2023-01-27,386.94384765625
2023-01-30,382.0888977050781
2023-01-31,387.70684814453125
2023-02-01,391.8273620605469
2023-02-02,397.53118896484375
2023-02-03,393.3057861328125
2023-02-06,390.9021301269531
2023-02-07,396.0146484375
2023-02-08,391.6842956542969
2023-02-09,388.2887268066406
2023-02-10,389.1948547363281
2023-02-13,393.763671875
2023-02-14,393.5824279785156
2023-02-15,394.8604736328125
2023-02-16,389.42376708984375
2023-02-17,388.45086669921875
2023-02-21,380.658203125
2023-02-22,380.1336669921875
2023-02-23,382.1557312011719
2023-02-24,378.0733642578125
2023-02-27,379.3609924316406
2023-02-28,377.95892333984375
2023-03-01,376.50909423828125
2023-03-02,379.4372863769531
2023-03-03,385.522705078125
2023-03-06,385.78973388671875
2023-03-07,379.87603759765625
2023-03-08,380.4960632324219
2023-03-09,373.47601318359375
2023-03-10,368.0869140625
2023-03-13,367.562255859375
2023-03-14,373.63812255859375
2023-03-15,371.3012390136719
2023-03-16,377.8157958984375
2023-03-17,373.39813232421875
2023-03-20,376.9885559082031
2023-03-21,381.9386901855469
2023-03-22,375.427978515625
2023-03-23,376.4428405761719
2023-03-24,378.9130554199219
2023-03-27,379.62158203125
2023-03-28,378.7694396972656
2023-03-29,384.27484130859375
2023-03-30,386.5248718261719
2023-03-31,391.9727783203125
2023-04-03,393.4664611816406
2023-04-04,391.283447265625
2023-04-05,390.2588806152344
2023-04-06,391.78131103515625
2023-04-10,392.1834411621094
2023-04-11,392.2887268066406
2023-04-12,390.68975830078125
2023-04-13,395.87921142578125
2023-04-14,394.91217041015625
2023-04-17,396.32916259765625
2023-04-18,396.58770751953125
2023-04-19,396.520751953125
2023-04-20,394.3568420410156
2023-04-21,394.6631774902344
2023-04-24,395.0749816894531
2023-04-25,388.8036193847656
2023-04-26,387.1567077636719
2023-04-27,394.8642883300781
2023-04-28,398.2345275878906
2023-05-01,397.8323974609375
2023-05-02,393.36102294921875
2023-05-03,390.6610412597656
2023-05-04,387.89398193359375
2023-05-05,395.0749816894531
2023-05-08,395.18023681640625
2023-05-09,393.4472351074219
2023-05-10,395.28558349609375
2023-05-11,394.5962219238281
2023-05-12,394.07916259765625
2023-05-15,395.4387512207031
2023-05-16,392.79620361328125
2023-05-17,397.5643005371094
2023-05-18,401.39410400390625
2023-05-19,400.81011962890625
2023-05-22,400.972900390625
2023-05-23,396.4728088378906
2023-05-24,393.6004943847656
2023-05-25,397.0090026855469
2023-05-26,402.1505126953125
2023-05-30,402.30364990234375
2023-05-31,400.07281494140625
2023-06-01,403.8740234375
2023-06-02,409.71441650390625
2023-06-05,408.9293518066406
2023-06-06,409.81976318359375
2023-06-07,408.4026794433594
2023-06-08,410.87298583984375
2023-06-09,411.61016845703125
2023-06-12,415.34423828125
2023-06-13,418.0826110839844
2023-06-14,418.5804443359375
2023-06-15,423.7698974609375
2023-06-16,422.3264465332031
2023-06-20,420.1352844238281
2023-06-21,417.9826354980469
2023-06-22,419.4914245605469
2023-06-23,416.32012939453125
2023-06-26,414.6191711425781
2023-06-27,419.1647033691406
2023-06-28,419.3761291503906
2023-06-29,421.029052734375
2023-06-30,425.99749755859375
2023-07-03,426.4875793457031
2023-07-05,425.8533630371094
2023-07-06,422.5186462402344
2023-07-07,421.45196533203125
2023-07-10,422.5186462402344
2023-07-11,425.2094421386719
2023-07-12,428.6306457519531
2023-07-13,432.0326843261719
2023-07-14,431.7635803222656
2023-07-17,433.2627258300781
2023-07-18,436.48211669921875
2023-07-19,437.4527282714844
2023-07-20,434.55047607421875
2023-07-21,434.55047607421875
2023-07-24,436.49176025390625
2023-07-25,437.68341064453125
2023-07-26,437.750732421875
2023-07-27,434.8484191894531
2023-07-28,439.105712890625
2023-07-31,439.9418029785156
2023-08-01,438.682861328125
2023-08-02,432.5804443359375
2023-08-03,431.34075927734375
2023-08-04,429.389892578125
2023-08-07,433.1378173828125
2023-08-08,431.2541809082031
2023-08-09,428.3712158203125
2023-08-10,428.5249328613281
2023-08-11,428.2749938964844
2023-08-14,430.63916015625
2023-08-15,425.62274169921875
2023-08-16,422.4994201660156
2023-08-17,419.280029296875
2023-08-18,419.4818420410156
2023-08-21,422.2110900878906
2023-08-22,421.0675354003906
2023-08-23,425.7572326660156
2023-08-24,419.85662841796875
2023-08-25,422.8165588378906
2023-08-28,425.4977722167969
2023-08-29,431.6482849121094
2023-08-30,433.4261169433594
2023-08-31,432.7918395996094
2023-09-01,433.59912109375
2023-09-05,431.7251281738281
2023-09-06,428.8229064941406
2023-09-07,427.5063171386719
2023-09-08,428.1501770019531
2023-09-11,430.9659423828125
2023-09-12,428.6017761230469
2023-09-13,429.1015625
2023-09-14,432.8014221191406
2023-09-15,427.5868835449219
2023-09-18,427.8377380371094
2023-09-19,426.9504699707031
2023-09-20,423.0253601074219
2023-09-21,416.033447265625
2023-09-22,415.09796142578125
2023-09-25,416.8435363769531
2023-09-26,410.71954345703125
2023-09-27,410.88348388671875
2023-09-28,413.2655029296875
2023-09-29,412.2626037597656
2023-10-02,412.0986633300781
2023-10-03,406.582275390625
2023-10-04,409.54296875
2023-10-05,409.388671875
2023-10-06,414.249267578125
2023-10-09,416.9013671875
2023-10-10,419.0712890625
2023-10-11,420.7879333496094
2023-10-12,418.2226257324219
2023-10-13,416.13946533203125
2023-10-16,420.51788330078125
2023-10-17,420.4985656738281
2023-10-18,414.8953857421875
2023-10-19,411.2499694824219
2023-10-20,406.196533203125
2023-10-23,405.49249267578125
2023-10-24,408.5496520996094
2023-10-25,402.68609619140625
2023-10-26,397.8640441894531
2023-10-27,396.06060791015625
2023-10-30,400.79583740234375
2023-10-31,403.31292724609375
2023-11-01,407.6141662597656
2023-11-02,415.4258117675781
2023-11-03,419.2159423828125
2023-11-06,420.1802978515625
2023-11-07,421.37615966796875
2023-11-08,421.6847839355469
2023-11-09,418.3961486816406
2023-11-10,424.9251708984375
2023-11-13,424.5201110839844
2023-11-14,432.7561340332031
2023-11-15,433.6722717285156
2023-11-16,434.2027587890625
2023-11-17,434.7427978515625
2023-11-20,438.0892639160156
2023-11-21,437.134521484375
2023-11-22,438.8221435546875
2023-11-24,439.0922546386719
2023-11-27,438.30145263671875
2023-11-28,438.7353820800781
2023-11-29,438.4267883300781
2023-11-30,440.15313720703125
2023-12-01,442.7569885253906
2023-12-04,440.4327392578125
2023-12-05,440.345947265625
2023-12-06,438.57147216796875
2023-12-07,441.91796875
2023-12-08,443.8178405761719
2023-12-11,445.5440673828125
2023-12-12,447.57904052734375
2023-12-13,453.7511291503906
2023-12-14,455.2073974609375
2023-12-15,454.45794677734375
2023-12-18,457.0142517089844
2023-12-19,459.7933044433594
2023-12-20,453.4218444824219
2023-12-21,457.72113037109375
2023-12-22,458.64105224609375
2023-12-26,460.57763671875
2023-12-27,461.4104309082031
2023-12-28,461.5846862792969
2023-12-29,460.2484436035156
2024-01-02,457.6727294921875
2024-01-03,453.9350891113281
2024-01-04,452.47283935546875
2024-01-05,453.09259033203125
2024-01-08,459.5609436035156
2024-01-09,458.8637390136719
2024-01-10,461.45880126953125
2024-01-11,461.2554931640625
2024-01-12,461.5749816894531
2024-01-16,459.88043212890625
2024-01-17,457.32415771484375
2024-01-18,461.39105224609375
2024-01-19,467.1427917480469
2024-01-22,468.1305236816406
2024-01-23,469.49578857421875
2024-01-24,470.009033203125
2024-01-25,472.5653381347656
2024-01-26,471.9649963378906
2024-01-29,475.70269775390625
2024-01-30,475.3346862792969
2024-01-31,467.57855224609375
2024-02-01,473.69830322265625
2024-02-02,478.6850891113281
2024-02-05,476.9421081542969
2024-02-06,478.3268127441406
2024-02-07,482.3163146972656
2024-02-08,482.529296875
2024-02-09,485.31805419921875
2024-02-12,485.10498046875
2024-02-13,478.4236145019531
2024-02-14,482.7713928222656
2024-02-15,486.10235595703125
2024-02-16,483.68157958984375
2024-02-20,481.0187683105469
2024-02-21,481.4544677734375
2024-02-22,491.41845703125
2024-02-23,491.75732421875
2024-02-26,489.95623779296875
2024-02-27,490.8664245605469
2024-02-28,490.2176818847656
2024-02-29,491.98004150390625
2024-03-01,496.598876953125
2024-03-04,496.06622314453125
2024-03-05,491.10858154296875
2024-03-06,493.5970764160156
2024-03-07,498.496826171875
2024-03-08,495.5047302246094
2024-03-11,495.07861328125
2024-03-12,500.4043884277344
2024-03-13,499.6200256347656
2024-03-14,498.63232421875
2024-03-15,495.20843505859375
2024-03-18,498.15155029296875
2024-03-19,500.9197998046875
2024-03-20,505.552978515625
2024-03-21,507.2236633300781
2024-03-22,506.2620849609375
2024-03-25,504.86334228515625
2024-03-26,503.9308776855469
2024-03-27,508.1658630371094
2024-03-28,508.06878662109375
2024-04-01,507.184814453125
2024-04-02,503.9600830078125
2024-04-03,504.51361083984375
2024-04-04,498.3555603027344
2024-04-05,503.5617370605469
2024-04-08,503.8434143066406
2024-04-09,504.4262390136719
2024-04-10,499.3753662109375
2024-04-11,503.1440734863281
2024-04-12,496.19921875
2024-04-15,489.9827575683594
2024-04-16,489.0891418457031
2024-04-17,486.19451904296875
2024-04-18,485.194091796875
2024-04-19,480.9591979980469
2024-04-22,485.38836669921875
2024-04-23,491.1483154296875
2024-04-24,490.91522216796875
2024-04-25,489.05023193359375
2024-04-26,493.6835021972656
2024-04-29,495.4317932128906
2024-04-30,487.5835876464844
2024-05-01,486.00030517578125
2024-05-02,490.5461120605469
2024-05-03,496.62652587890625
2024-05-06,501.7551574707031
2024-05-07,502.30877685546875
2024-05-08,502.3572998046875
2024-05-09,505.2518615722656
2024-05-10,505.9028015136719
2024-05-13,505.9706115722656
2024-05-14,508.2921447753906
2024-05-15,514.5863647460938
2024-05-16,513.5274047851562
2024-05-17,514.2656860351562
2024-05-20,514.8582153320312
2024-05-21,516.1209716796875
2024-05-22,514.6348266601562
2024-05-23,510.87591552734375
2024-05-24,514.256103515625
2024-05-28,514.6153564453125
2024-05-29,511.0117492675781
2024-05-30,507.62200927734375
2024-05-31,512.2453002929688
2024-06-03,512.6630249023438
2024-06-04,513.2362060546875
2024-06-05,519.3360595703125
2024-06-06,519.3262939453125
2024-06-07,518.695068359375
2024-06-10,520.2975463867188
2024-06-11,521.5506591796875
2024-06-12,525.834228515625
2024-06-13,526.892822265625
2024-06-14,527.2134399414062
2024-06-17,531.4095458984375
2024-06-18,532.759765625
2024-06-20,531.3124389648438
2024-06-21,530.60009765625
2024-06-24,528.8753051757812
2024-06-25,530.9119262695312
2024-06-26,531.5746459960938
2024-06-27,532.4124755859375
2024-06-28,530.3174438476562
2024-07-01,531.408935546875
2024-07-02,534.9851684570312
2024-07-03,537.37255859375
2024-07-05,540.4712524414062
2024-07-08,541.0951538085938
2024-07-09,541.6212158203125
2024-07-10,546.980712890625
2024-07-11,542.2642822265625
2024-07-12,545.6847534179688
2024-07-15,547.1853637695312
2024-07-16,550.4302368164062
2024-07-17,542.7125854492188
2024-07-18,538.5419921875
2024-07-19,534.9656372070312
2024-07-22,540.481201171875
2024-07-23,539.6332397460938
2024-07-24,527.4038696289062
2024-07-25,524.6559448242188
2024-07-26,530.5318603515625
2024-07-29,530.84375
2024-07-30,528.1541748046875
2024-07-31,536.7391357421875
2024-08-01,529.1384887695312
2024-08-02,519.2867431640625
2024-08-05,504.16314697265625
2024-08-06,508.81134033203125
2024-08-07,505.4104309082031
2024-08-08,517.0941772460938
2024-08-09,519.3743896484375
2024-08-12,519.647216796875
2024-08-13,528.1932373046875
2024-08-14,529.8594970703125
2024-08-15,538.94140625
2024-08-16,540.1497192382812
2024-08-19,545.3142700195312
2024-08-20,544.4276123046875
2024-08-21,546.2985229492188
2024-08-22,542.010986328125
2024-08-23,547.77001953125
2024-08-26,546.4641723632812
2024-08-27,547.2145385742188
2024-08-28,544.0379028320312
2024-08-29,544.0864868164062
2024-08-30,549.2803955078125
2024-09-03,537.9767456054688
2024-09-04,536.87548828125
2024-09-05,535.5697631835938
2024-09-06,526.5560913085938
2024-09-09,532.4514770507812
2024-09-10,534.770751953125
2024-09-11,540.2569580078125
2024-09-12,544.8077392578125
2024-09-13,547.653076171875
2024-09-16,548.4618530273438
2024-09-17,548.6859741210938
2024-09-18,547.0586547851562
2024-09-19,556.3939208984375
2024-09-20,555.43212890625
2024-09-23,556.820068359375
2024-09-24,558.4132690429688
2024-09-25,557.1817016601562
2024-09-26,559.3907470703125
2024-09-27,558.5794067382812
2024-09-30,560.8178100585938
2024-10-01,555.793701171875
2024-10-02,556.0283813476562
2024-10-03,555.0117797851562
2024-10-04,560.0553588867188
2024-10-07,554.9921875
2024-10-08,560.2410888671875
2024-10-09,564.12158203125
2024-10-10,563.1343383789062
2024-10-11,566.5064697265625
2024-10-14,571.1395263671875
2024-10-15,566.7020874023438
2024-10-16,569.1651611328125
2024-10-17,569.2139892578125
2024-10-18,571.403564453125
2024-10-21,570.4652099609375
2024-10-22,570.1621704101562
2024-10-23,564.9523315429688
2024-10-24,566.1742553710938
2024-10-25,565.9785766601562
2024-10-28,567.7283935546875
2024-10-29,568.647216796875
2024-10-30,566.9268798828125
2024-10-31,555.8132934570312
2024-11-01,558.1591186523438
2024-11-04,556.9569091796875
2024-11-05,563.6914672851562
2024-11-06,577.7080078125
2024-11-07,582.1749877929688
2024-11-08,584.6967163085938
2024-11-11,585.2539672851562
2024-11-12,583.4359130859375
2024-11-13,583.7193603515625
2024-11-14,579.9658203125
2024-11-15,572.5372924804688
2024-11-18,574.8831787109375
2024-11-19,576.9848022460938
2024-11-20,577.18017578125
2024-11-21,580.2786865234375
2024-11-22,582.0771484375
2024-11-25,584.0516357421875
2024-11-26,587.101318359375
2024-11-27,585.3223266601562
2024-11-29,588.9583740234375
2024-12-02,590.0140380859375
2024-12-03,590.2877807617188
2024-12-04,593.9530639648438
2024-12-05,592.9756469726562
2024-12-06,594.0997314453125
2024-12-09,591.0403442382812
2024-12-10,589.2026977539062
2024-12-11,593.7576904296875
2024-12-12,590.6982421875
2024-12-13,590.5808715820312
2024-12-16,593.1027221679688
2024-12-17,590.6591186523438
2024-12-18,573.0553588867188
2024-12-19,572.87939453125
2024-12-20,579.76025390625
2024-12-23,583.2320556640625
2024-12-24,589.7147216796875
2024-12-26,589.7540283203125
2024-12-27,583.5460205078125
2024-12-30,576.88671875
2024-12-31,574.7879638671875
2025-01-02,573.3757934570312
2025-01-03,580.5448608398438
2025-01-06,583.8892211914062
2025-01-07,577.2888793945312
2025-01-08,578.1322631835938
2025-01-10,569.3056640625
2025-01-13,570.1884155273438
2025-01-14,570.972900390625
2025-01-15,581.35888671875
2025-01-16,580.2408447265625
2025-01-17,586.0664672851562
2025-01-21,591.4309692382812
2025-01-22,594.7556762695312
2025-01-23,598.0018920898438
2025-01-24,596.2561645507812
2025-01-27,587.8218994140625
2025-01-28,592.8726196289062
2025-01-29,590.21484375
2025-01-30,593.382568359375
2025-01-31,590.2247314453125
2025-02-03,586.2527465820312
2025-02-04,590.1854248046875
2025-02-05,592.5784301757812
2025-02-06,594.637939453125
2025-02-07,589.1949462890625
2025-02-10,593.1964111328125
2025-02-11,593.6474609375
2025-02-12,591.7349853515625
2025-02-13,597.9822387695312
2025-02-14,597.9528198242188
2025-02-18,599.7084350585938
2025-02-19,601.12060546875
2025-02-20,598.6197509765625
2025-02-21,588.3809204101562
2025-02-24,585.7035522460938
2025-02-25,582.7907104492188
2025-02-26,583.0849609375
2025-02-27,573.7777709960938
2025-02-28,582.7318725585938
2025-03-03,572.5224609375
2025-03-04,565.7456665039062
2025-03-05,571.8261108398438
2025-03-06,561.6754760742188
2025-03-07,564.82373046875
2025-03-10,549.779296875
2025-03-11,545.208984375
2025-03-12,548.1022338867188
2025-03-13,540.7957153320312
2025-03-14,551.96630859375
2025-03-17,556.22265625
2025-03-18,550.2107543945312
2025-03-19,556.2030639648438
2025-03-20,554.5946044921875
2025-03-21,554.7776489257812
2025-03-24,564.712890625
2025-03-25,566.0703735351562
2025-03-26,559.3125
2025-03-27,557.8271484375
2025-03-28,546.5933837890625
2025-03-31,550.2625732421875
2025-04-01,551.8167114257812
2025-04-02,555.3087768554688
2025-04-03,527.9428100585938
2025-04-04,497.03546142578125
2025-04-07,496.1501159667969
2025-04-08,488.3790588378906
2025-04-09,539.6683349609375
2025-04-10,516.0205078125
2025-04-11,525.227783203125
2025-04-14,530.3232421875
2025-04-15,528.837890625
2025-04-16,517.0828857421875
2025-04-17,517.8206176757812
2025-04-21,505.4951171875
2025-04-22,518.64697265625
2025-04-23,526.68359375
2025-04-24,537.769775390625
2025-04-25,541.6553344726562
2025-04-28,541.86181640625
2025-04-29,545.2753295898438
2025-04-30,545.49169921875
2025-05-01,549.3574829101562
2025-05-02,557.5122680664062
2025-05-05,554.3153686523438
2025-05-06,549.68212890625
2025-05-07,551.9938354492188
2025-05-08,555.8399658203125
2025-05-09,555.1318359375
2025-05-12,573.4774169921875
2025-05-13,577.2647094726562
2025-05-14,578.00244140625
2025-05-15,580.8255615234375
2025-05-16,584.5045776367188
2025-05-19,585.1439208984375
2025-05-20,583.176513671875
2025-05-21,573.3495483398438
2025-05-22,573.575927734375
2025-05-23,569.6607055664062
2025-05-27,581.5042724609375
2025-05-28,578.14013671875
2025-05-29,580.4222412109375
2025-05-30,579.7730712890625
2025-06-02,583.0388793945312
2025-06-03,586.3637084960938
2025-06-04,586.206298828125
2025-06-05,583.373291015625
2025-06-06,589.3640747070312
2025-06-09,589.8950805664062
2025-06-10,593.2396850585938
2025-06-11,591.5477294921875
2025-06-12,593.8987426757812
2025-06-13,587.2588500976562
2025-06-16,592.84619140625
2025-06-17,587.7802124023438
2025-06-18,587.691650390625
2025-06-20,586.3114624023438
2025-06-23,592.1027221679688
2025-06-24,598.6438598632812
2025-06-25,598.9793090820312
2025-06-26,603.66552734375
2025-06-27,606.664794921875
2025-06-30,609.5654296875
2025-07-01,609.3681030273438
2025-07-02,612.130615234375
2025-07-03,616.9549560546875
2025-07-07,612.357421875
2025-07-08,612.0220336914062
2025-07-09,615.6921997070312
2025-07-10,617.4285278320312
2025-07-11,615.2579956054688
2025-07-14,616.43212890625
2025-07-15,613.7979125976562
2025-07-16,615.8499755859375
2025-07-17,619.6187133789062
2025-07-18,619.1649169921875
2025-07-21,620.3389892578125
2025-07-22,620.427734375
2025-07-23,625.7060546875
2025-07-24,625.9131469726562
2025-07-25,628.5572509765625
2025-07-28,628.3994140625
2025-07-29,626.7420043945312
2025-07-30,625.95263671875
2025-07-31,623.6046142578125
2025-08-01,613.383544921875
2025-08-04,622.7067260742188
2025-08-05,619.5496826171875
2025-08-06,624.2952270507812
2025-08-07,623.7722778320312
2025-08-08,628.6361694335938
2025-08-11,627.39306640625
2025-08-12,634.0723266601562
2025-08-13,636.2428588867188
2025-08-14,636.302001953125
2025-08-15,634.8123168945312
2025-08-18,634.674072265625
2025-08-19,631.23095703125
2025-08-20,629.5537109375
2025-08-21,627.0281372070312
2025-08-22,636.6571655273438
2025-08-25,633.8552856445312
2025-08-26,636.5091552734375
2025-08-27,637.9595336914062
2025-08-28,640.21875
2025-08-29,636.4006958007812
2025-09-02,631.6847534179688
2025-09-03,635.1082763671875
2025-09-04,640.4160766601562
2025-09-05,638.561279296875
2025-09-08,640.1299438476562
2025-09-09,641.60986328125
2025-09-10,643.4646606445312
2025-09-11,648.8120727539062
2025-09-12,648.5948486328125
2025-09-15,652.0479736328125
2025-09-16,651.1502075195312
2025-09-17,650.3411865234375
2025-09-18,653.3798828125
2025-09-19,656.6160278320312
2025-09-22,659.7224731445312
2025-09-23,656.1312866210938
2025-09-24,654.043701171875
2025-09-25,651.0263061523438
2025-09-26,654.7560424804688
2025-09-29,656.5962524414062
2025-09-30,659.0695190429688
2025-10-01,661.3153686523438
2025-10-02,662.0770263671875
2025-10-03,662.0672607421875
2025-10-06,664.4415283203125
2025-10-07,661.9781494140625
2025-10-08,665.925537109375
2025-10-09,663.996337890625
2025-10-10,646.0499877929688
2025-10-13,655.9630126953125
2025-10-14,655.1616821289062
2025-10-15,658.0703125
2025-10-16,653.588623046875
2025-10-17,657.2986450195312
2025-10-20,664.1348876953125
2025-10-21,664.1249389648438
2025-10-22,660.6722412109375
2025-10-23,664.5899658203125
2025-10-24,670.0213623046875
2025-10-27,677.9261474609375
2025-10-28,679.7266235351562
2025-10-29,680.0531616210938
2025-10-30,672.5738525390625
2025-10-31,674.780029296875
2025-11-03,676.0463256835938
2025-11-04,668.0327758789062
2025-11-05,670.3478393554688
2025-11-06,663.1554565429688
2025-11-07,663.808349609375
2025-11-10,674.1666259765625
2025-11-11,675.7100219726562
2025-11-12,676.0859985351562
2025-11-13,664.8670043945312
2025-11-14,664.758056640625
2025-11-17,658.56494140625
2025-11-18,653.0346069335938
2025-11-19,655.5574340820312
2025-11-20,645.5652465820312
2025-11-21,651.995849609375
2025-11-24,661.59228515625
2025-11-25,667.8152465820312
2025-11-26,672.4254760742188
2025-11-28,676.0958251953125
2025-12-01,673.0091552734375
2025-12-02,674.2556762695312
2025-12-03,676.5905151367188
2025-12-04,677.0851440429688
2025-12-05,678.3712768554688
2025-12-08,676.333251953125
2025-12-09,675.7495727539062
2025-12-10,680.2312622070312
2025-12-11,681.8141479492188
2025-12-12,674.4832763671875
2025-12-15,673.4642333984375
2025-12-16,671.6240844726562
2025-12-17,664.2338256835938
2025-12-18,669.2496948242188
2025-12-19,675.3153686523438
2025-12-22,679.5225219726562
2025-12-23,682.628173828125
2025-12-24,685.0294799804688
2025-12-26,684.9600219726562
2025-12-29,682.51904296875
2025-12-30,681.6856079101562
2025-12-31,676.635009765625
2026-01-02,677.8753051757812
2026-01-05,682.3900146484375
2026-01-06,686.4483642578125
2026-01-07,684.2356567382812
2026-01-08,684.1661987304688
2026-01-09,688.6908569335938
2026-01-12,689.7723999023438
2026-01-13,688.3931884765625
2026-01-14,685.0096435546875
2026-01-15,686.8750610351562
2026-01-16,686.2994995117188
2026-01-20,672.32861328125
2026-01-21,680.0880737304688
2026-01-22,683.6403198242188
2026-01-23,683.8883056640625
2026-01-26,687.3612060546875
2026-01-27,690.0997924804688
2026-01-28,690.0303344726562
2026-01-29,688.6610717773438
2026-01-30,686.6071166992188
2026-02-02,690.0205078125
2026-02-03,684.18603515625
2026-02-04,680.8719482421875
2026-02-05,672.3683471679688
2026-02-06,685.267578125
2026-02-09,688.5718383789062
2026-02-10,686.7559204101562
2026-02-11,686.5972290039062
2026-02-12,675.9901123046875
2026-02-13,676.46630859375
2026-02-17,677.5578002929688
2026-02-18,680.9711303710938
2026-02-19,679.1751098632812
2026-02-20,684.0868530273438
2026-02-23,677.1013793945312
2026-02-24,682.0228881835938
2026-02-25,687.7780151367188
2026-02-26,683.957763671875
2026-02-27,680.6734619140625
2026-03-02,681.0604858398438
2026-03-03,675.057373046875
2026-03-04,679.8201293945312
2026-03-05,676.02978515625
2026-03-06,667.1689453125
2026-03-09,673.0133666992188
2026-03-10,671.9317626953125
2026-03-11,671.08837890625
2026-03-12,660.89794921875
2026-03-13,657.1571655273438
2026-03-16,663.844970703125
2026-03-17,665.5912475585938
2026-03-18,656.3037719726562
2026-03-19,654.6864624023438
2026-03-20,645.301025390625
2026-03-23,652.07666015625
2026-03-24,649.8877563476562
2026-03-25,653.5093994140625
2026-03-26,641.8385620117188
2026-03-27,630.8939819335938
2026-03-30,628.78466796875
2026-03-31,647.0620727539062
2026-04-01,651.9373779296875
2026-04-02,652.5244140625
2026-04-06,655.6088256835938
2026-04-07,655.8972778320312
2026-04-08,672.6027221679688
2026-04-09,676.4829711914062
2026-04-10,676.0353393554688
2026-04-13,682.641845703125
2026-04-14,690.959716796875
2026-04-15,696.412109375
2026-04-16,698.1234130859375
2026-04-17,706.5607299804688
2026-04-20,705.1477661132812
2026-04-21,700.53125
2026-04-22,707.6253051757812
2026-04-23,704.8792114257812
2026-04-24,710.341552734375
2026-04-27,711.5653076171875
2026-04-28,708.1028442382812
2026-04-29,707.993408203125
2026-04-30,715.0377197265625
2026-05-01,717.0177001953125
2026-05-04,714.3909912109375
2026-05-05,720.1220092773438
2026-05-06,730.1312866210938
2026-05-07,727.8926391601562
2026-05-08,733.9021606445312
2026-05-11,735.5736694335938
2026-05-12,734.4593505859375
2026-05-13,738.5685424804688
2026-05-14,744.3989868164062
2026-05-15,735.4443969726562
2026-05-18,734.927001953125
2026-05-19,730.0317993164062
2026-05-20,737.5138549804688
2026-05-21,738.9764404296875
2026-05-22,741.8817749023438
2026-05-26,746.8068237304688
2026-05-27,746.677490234375
2026-05-28,750.7965698242188
2026-05-29,752.6671142578125
2026-06-01,754.7167358398438
2026-06-02,755.7415771484375
2026-06-03,750.4384155273438
2026-06-04,753.2740478515625
2026-06-05,733.83251953125
2026-06-08,735.4940795898438
2026-06-09,733.3350219726562
2026-06-10,721.7736206054688
2026-06-11,734.04150390625
2026-06-12,738.0113525390625
2026-06-15,751.0254516601562
2026-06-16,746.5481567382812
2026-06-17,737.225341796875
2026-06-18,744.8902587890625
2026-06-22,742.546142578125
2026-06-23,731.7628784179688
2026-06-24,731.4237060546875
2026-06-25,732.4810791015625
2026-06-26,727.1842651367188
2026-06-29,739.1644897460938
2026-06-30,744.9202270507812
2026-07-01,743.9127197265625
2026-07-02,742.9351806640625
2026-07-06,749.4190673828125
2026-07-07,745.85791015625
2026-07-08,743.5536499023438
2026-07-09,749.8480224609375
2026-07-10,753.0799560546875
2026-07-13,747.3142700195312
2026-07-14,749.9677124023438
2026-07-15,752.9403076171875
2026-07-16,748.8604125976562
2026-07-17,741.4487915039062
2026-07-20,740.2518310546875
2026-07-21,746.426513671875
2026-07-22,745.55859375
2026-07-23,736.3515014648438
2026-07-24,737.099609375
2026-07-27,737.25927734375
2026-07-28,739.0248413085938
2026-07-29,727.6531372070312
2026-07-30,739.852783203125
2026-07-31,745.1796264648438
2026-08-03,755.793212890625
2026-08-04,769.4193725585938
2026-08-05,767.8831787109375
2026-08-06,766.65625
2026-08-07,771.3446044921875
2026-08-10,771.1151733398438
2026-08-11,768.6513061523438
2026-08-12,770.5764770507812
2026-08-13,775.9531860351562
2026-08-14,774.4169921875
2026-08-17,770.7560424804688
2026-08-18,765.5490112304688
2026-08-19,767.1549682617188
2026-08-20,760.7109985351562
2026-08-21,763.8232421875
2026-08-24,761.5787963867188
2026-08-25,764.0127563476562
2026-08-26,764.182373046875
2026-08-27,769.18994140625
2026-08-28,767.4442749023438
2026-08-31,765.1499633789062
2026-09-01,759.89306640625
2026-09-02,763.2646484375
2026-09-03,771.2548217773438
2026-09-04,768.2822265625
2026-09-08,764.0626831054688
2026-09-09,760.5115356445312
2026-09-10,755.9528198242188
2026-09-11,762.3967895507812
2026-09-14,758.9952392578125
2026-09-15,755.513916015625
2026-09-16,752.1821899414062
2026-09-17,760.7109985351562
2026-09-18,761.6900024414062
2026-09-21,773.5
2026-09-22,773.3800048828125
2026-09-23,767.8099975585938
2026-09-24,767.1799926757812
2026-09-25,771.3499755859375
2026-09-28,765.6099853515625
2026-09-29,764.2000122070312
2026-09-30,762.6300048828125
2026-10-01,763.989990234375
2026-10-02,769.6400146484375
